trial,layout,estimated_k2,estimated_R,k2_error_percent,R_error_percent,temperature_rmse_K,optimizer_success,near_parameter_bound,function_evaluations,elapsed_s,message
1,same_layer,0.9986824676191974,0.0009972198635918791,-0.13175323808025663,-0.27801364081209146,0.009072614713355617,True,False,8,0.04082650000054855,`ftol` termination condition is satisfied.
1,across_interface,1.0029678401581357,0.0010032119927262685,0.29678401581356706,0.32119927262685977,0.009119818431187707,True,False,12,0.06038159999297932,`xtol` termination condition is satisfied.
2,same_layer,0.9955257473864657,0.0009907513588539407,-0.4474252613534291,-0.9248641146059278,0.010130617669408419,True,False,8,0.04368930000055116,`ftol` termination condition is satisfied.
2,across_interface,0.9958479122397136,0.000994274591821607,-0.4152087760286416,-0.5725408178393065,0.010084843328516523,True,False,8,0.056527499997173436,`ftol` termination condition is satisfied.
3,same_layer,0.9955630338558206,0.0009921747849934548,-0.4436966144179433,-0.7825215006545316,0.010553780120578577,True,False,9,0.07881559999077581,`ftol` termination condition is satisfied.
3,across_interface,0.9976765992274718,0.0009969865625006511,-0.2323400772528239,-0.3013437499348903,0.009633391161760058,True,False,8,0.06422939999902155,`ftol` termination condition is satisfied.
4,same_layer,0.9984786808129824,0.0009970459153255495,-0.1521319187017589,-0.29540846744504634,0.010294278524353368,True,False,8,0.047321599995484576,`ftol` termination condition is satisfied.
4,across_interface,1.0030952488719072,0.0010034016465115764,0.30952488719071525,0.3401646511576262,0.010204326949067914,True,False,12,0.06134359999850858,`xtol` termination condition is satisfied.
5,same_layer,0.9959923196640007,0.0009912568608958189,-0.40076803359992974,-0.8743139104181119,0.010230965534812009,True,False,8,0.05734359999769367,`ftol` termination condition is satisfied.
5,across_interface,1.0036981689647342,0.001005656079318379,0.3698168964734183,0.5656079318379081,0.010358727085143586,True,False,11,0.039561900004628114,`xtol` termination condition is satisfied.
6,same_layer,0.9942172217373553,0.0009876424360564548,-0.5782778262644728,-1.2357563943545258,0.009750402381245296,True,False,8,0.044626699993386865,`ftol` termination condition is satisfied.
6,across_interface,1.0077209208061255,0.001010064244789749,0.772092080612552,1.0064244789748988,0.009590967621517066,True,False,8,0.04126600000017788,`ftol` termination condition is satisfied.
7,same_layer,0.9985790910061608,0.0009980344135680022,-0.1420908993839176,-0.19655864319978456,0.010786742488850356,True,False,8,0.04547330000787042,`ftol` termination condition is satisfied.
7,across_interface,1.0002238187797698,0.0009991711474436912,0.022381877976984654,-0.08288525563088234,0.01021921237805018,True,False,8,0.05467810000118334,`ftol` termination condition is satisfied.
8,same_layer,0.9933471768885834,0.0009901439941248302,-0.6652823111416573,-0.9856005875169882,0.010032093484592537,True,False,9,0.044618600004469045,`ftol` termination condition is satisfied.
8,across_interface,0.9948230728967828,0.00099333999242248,-0.5176927103217155,-0.6660007577520166,0.010206843215495037,True,False,12,0.050529300002381206,`xtol` termination condition is satisfied.
9,same_layer,0.9926129056341564,0.0009892556454297356,-0.7387094365843616,-1.0744354570264458,0.010098945115476661,True,False,8,0.04629259998910129,`ftol` termination condition is satisfied.
9,across_interface,0.9930649996918621,0.0009902077679259517,-0.6935000308137873,-0.9792232074048335,0.010003904258990802,True,False,12,0.055102999991504475,`xtol` termination condition is satisfied.
10,same_layer,0.9889420275127035,0.0009817964617177533,-1.1057972487296452,-1.8203538282246745,0.009774859561834643,True,False,8,0.08500310000090394,`ftol` termination condition is satisfied.
10,across_interface,0.996211946927821,0.0009934739617676728,-0.37880530721789984,-0.6526038232327225,0.009443536467406841,True,False,12,0.056258900003740564,`xtol` termination condition is satisfied.
11,same_layer,0.9985831612483558,0.000997300165917678,-0.14168387516442227,-0.26998340823219946,0.0097294293712145,True,False,11,0.03818779998982791,`xtol` termination condition is satisfied.
11,across_interface,1.0019864748747804,0.0010056045520358463,0.19864748747804306,0.5604552035846311,0.01023947816284292,True,False,11,0.04686599998967722,`ftol` termination condition is satisfied.
12,same_layer,0.9966095699431325,0.0009947263143134503,-0.3390430056867455,-0.5273685686549734,0.00950270104916446,True,False,8,0.04903510000440292,`ftol` termination condition is satisfied.
12,across_interface,0.9946211891810997,0.0009901656774882353,-0.5378810818900348,-0.9834322511764748,0.009451241116297816,True,False,11,0.050880299997515976,`ftol` termination condition is satisfied.
13,same_layer,0.9980485175503175,0.0009953510323836136,-0.19514824496824623,-0.4648967616386446,0.009823135436841634,True,False,8,0.046907399999327026,`ftol` termination condition is satisfied.
13,across_interface,0.9926951286814261,0.0009872683961409956,-0.7304871318573936,-1.2731603859004403,0.010327690769309592,True,False,12,0.05711969999538269,`xtol` termination condition is satisfied.
14,same_layer,0.9955132085270969,0.0009897220829818427,-0.44867914729030955,-1.0277917018157279,0.009930109384197338,True,False,8,0.057876600010786206,`ftol` termination condition is satisfied.
14,across_interface,0.9969498742062112,0.0009964870188081281,-0.3050125793788827,-0.35129811918719334,0.010110664949513602,True,False,11,0.0507348999963142,`xtol` termination condition is satisfied.
15,same_layer,0.9958035118050242,0.0009940618492238148,-0.4196488194975756,-0.5938150776185203,0.010047451241601762,True,False,9,0.046051299999817275,`xtol` termination condition is satisfied.
15,across_interface,0.9962505743941314,0.0009926066187755387,-0.37494256058685504,-0.7393381224461315,0.009706008165951461,True,False,12,0.05800429999362677,Both `ftol` and `xtol` termination conditions are satisfied.
16,same_layer,0.9954675074223637,0.0009933556098269175,-0.4532492577636327,-0.6644390173082493,0.00983761129864783,True,False,8,0.04921749999630265,`ftol` termination condition is satisfied.
16,across_interface,0.9994340388470866,0.0009986481807925788,-0.05659611529134079,-0.13518192074212232,0.010108246086897747,True,False,8,0.05026540000108071,`ftol` termination condition is satisfied.
17,same_layer,1.0028063673946563,0.0010062849818947815,0.28063673946563394,0.6284981894781438,0.010347121637661178,True,False,8,0.04417989999637939,`ftol` termination condition is satisfied.
17,across_interface,0.9955606465193203,0.0009955752233508054,-0.44393534806796975,-0.4424776649194606,0.010125573639628365,True,False,10,0.04353189999528695,`ftol` termination condition is satisfied.
18,same_layer,0.995773726416842,0.0009935767882155908,-0.4226273583157969,-0.6423211784409188,0.010548886927202879,True,False,8,0.04135179999866523,`ftol` termination condition is satisfied.
18,across_interface,1.0021196422286784,0.0010017403146889714,0.21196422286784422,0.17403146889714005,0.010178769823709063,True,False,8,0.03977560000203084,`ftol` termination condition is satisfied.
19,same_layer,1.001018216085717,0.000999750716400396,0.10182160857170608,-0.024928359960396662,0.00990523756147294,True,False,8,0.04110810000565834,`ftol` termination condition is satisfied.
19,across_interface,1.0006748970140067,0.0010000477129696033,0.06748970140066923,0.00477129696032641,0.010086264144521429,True,False,8,0.04323379999550525,`ftol` termination condition is satisfied.
20,same_layer,0.9947119071531864,0.0009904935868067016,-0.5288092846813641,-0.9506413193298369,0.010360923469050296,True,False,8,0.043447999996715225,`ftol` termination condition is satisfied.
20,across_interface,1.0019991395865229,0.0010011030452084342,0.1999139586522869,0.11030452084341835,0.009477537294720492,True,False,8,0.03855680000560824,`ftol` termination condition is satisfied.
21,same_layer,0.9983211242991965,0.0009954497557763905,-0.1678875700803495,-0.4550244223609501,0.009648658173587368,True,False,8,0.04302359999564942,`ftol` termination condition is satisfied.
21,across_interface,0.9958067871006617,0.000995305887944334,-0.4193212899338272,-0.46941120556659444,0.009471107281094527,True,False,10,0.09054270001070108,`ftol` termination condition is satisfied.
22,same_layer,0.9991418295731768,0.0009960437477608646,-0.08581704268232349,-0.3956252239135427,0.009804423823547726,True,False,9,0.06574069999624044,`ftol` termination condition is satisfied.
22,across_interface,0.9967640874478412,0.0009946115217725558,-0.3235912552158826,-0.538847822744426,0.00990872407082818,True,False,11,0.0454883000056725,`ftol` termination condition is satisfied.
23,same_layer,0.9974528181995473,0.000998425455547415,-0.2547181800452658,-0.15745444525850916,0.01027837092873795,True,False,11,0.05875019999803044,`xtol` termination condition is satisfied.
23,across_interface,0.996452740861792,0.0009958768318531332,-0.354725913820797,-0.41231681468668624,0.00946065728412298,True,False,11,0.060865999999805354,`ftol` termination condition is satisfied.
24,same_layer,0.998534063893617,0.000998933211585871,-0.14659361063830145,-0.1066788414128994,0.009524604237812637,True,False,8,0.05504300000029616,`ftol` termination condition is satisfied.
24,across_interface,0.9954950628292036,0.0009930644798791155,-0.45049371707963637,-0.6935520120884497,0.010099704276587589,True,False,12,0.045262400002684444,`xtol` termination condition is satisfied.
25,same_layer,0.9950168075284103,0.000992208525104437,-0.4983192471589737,-0.7791474895562978,0.01039504867326154,True,False,8,0.03974749999179039,`ftol` termination condition is satisfied.
25,across_interface,0.9950799771697657,0.0009935861702679292,-0.4920022830234294,-0.641382973207083,0.010791450441561497,True,False,8,0.04056979999586474,`ftol` termination condition is satisfied.
26,same_layer,1.0008585341185192,0.0010020593582722838,0.08585341185192163,0.20593582722838732,0.010595059592073913,True,False,9,0.05202550000103656,`ftol` termination condition is satisfied.
26,across_interface,1.0045353997860342,0.0010106454720171306,0.4535399786034233,1.0645472017130508,0.010376503508611341,True,False,12,0.04558130000077654,`xtol` termination condition is satisfied.
27,same_layer,1.0002957509678734,0.0009984231451099497,0.029575096787337607,-0.15768548900503276,0.010451567714642023,True,False,8,0.03589450000436045,`ftol` termination condition is satisfied.
27,across_interface,1.0048693534581703,0.0010046143794129204,0.48693534581703,0.4614379412920311,0.010458947071875349,True,False,8,0.03924800000095274,`ftol` termination condition is satisfied.
28,same_layer,0.9979305903241069,0.0009948010738757283,-0.20694096758930858,-0.5198926124271752,0.01078827448911454,True,False,8,0.03964869999617804,`ftol` termination condition is satisfied.
28,across_interface,1.0016438158296352,0.0010013962572076403,0.16438158296352423,0.13962572076402502,0.01060736175225375,True,False,12,0.0486187000060454,`ftol` termination condition is satisfied.
29,same_layer,0.9929087937326126,0.0009885962505152934,-0.7091206267387351,-1.1403749484706571,0.009617637539384483,True,False,11,0.08399850000569131,`xtol` termination condition is satisfied.
29,across_interface,0.9969300634040061,0.0009968768237326251,-0.30699365959938607,-0.31231762673749053,0.01006459132937331,True,False,8,0.09195139999792445,`ftol` termination condition is satisfied.
30,same_layer,0.9996560836491397,0.0010018632164768638,-0.034391635086028494,0.1863216476863716,0.009631663560225637,True,False,8,0.04968879999069031,`ftol` termination condition is satisfied.
30,across_interface,1.0030234475128534,0.0010065839283468203,0.3023447512853439,0.6583928346820311,0.00968523906991297,True,False,13,0.054811900001368485,`xtol` termination condition is satisfied.
