time_s,observed_2mm_rise_K,predicted_2mm_rise_K,observed_7mm_rise_K,predicted_7mm_rise_K
0.5,0.4529326582668319,0.4537955014593469,7.269072739291005e-07,0.002097905210843599
1.0,1.0194156652706852,1.032202498048484,0.00017695807764539498,0.0038877704378323732
1.5,1.538931126395937,1.5561208941739526,0.002241761290008526,0.009657867753784785
2.0,2.031557481684672,2.0458234760346614,0.009862337050662973,0.021308061204585955
2.5,2.5072866214668466,2.51541603996805,0.02640803721737939,0.040093259975994826
3.0,2.9706032159915594,2.9729395010500435,0.053775078058833976,0.06703567016812527
3.5,3.423767897534049,3.422636306302149,0.09258108512631225,0.10302229870854226
4.0,3.8681033191687675,3.8663371504746786,0.14265847446148427,0.1487915451043396
4.5,4.304499253763311,4.3043608169868275,0.2034381747322982,0.20487157169687176
5.0,4.733620844455231,4.736196825031338,0.2741829890757117,0.2715049890671497
5.5,5.156000934462498,5.161080643962761,0.3541148628760311,0.3485902011926021
6.0,5.572085091517977,5.578471224527201,0.4424792320844517,0.43566672895001746
6.5,5.982256096771039,5.9883812893380215,0.5385746367226147,0.5319618206472242
7.0,6.386848773816554,6.391493427294652,0.6417638565548033,0.6364978532883864
7.5,6.78615982679753,6.789027180204462,0.7514755059953587,0.7482397000525344
8.0,7.180454838321225,7.182395039952118,0.8672009152813871,0.8662467969725252
8.5,7.569973502724339,7.572762486874813,0.9884888891255628,0.98979257540852
9.0,7.954933680697764,7.960662016339768,1.1149397247097,1.1184247495554973
9.5,8.335534621272245,8.3457800617567,1.2461992127722397,1.2519581262031236
10.0,8.711959570051079,8.726397216299366,1.3819529842202203,1.3880950047469316
10.5,8.631445251912169,8.644187527334807,1.5219206384363135,1.532332731133304
11.0,8.43353127334592,8.429359956894494,1.6656778371957446,1.6751446782454789
11.5,8.27888222581646,8.26406075085365,1.8112880392845343,1.8155364813926433
12.0,8.147557017636586,8.130106963666517,1.9548831549033707,1.9525615478802245
12.5,8.029692818276033,8.014822393756694,2.092912497360487,2.085337375790131
13.0,7.920926630490271,7.910932841453104,2.223315461185848,2.2130629387703653
13.5,7.819112878487715,7.814291735618797,2.3453247373506656,2.335040250711253
14.0,7.7230380095028295,7.722554118075234,2.458971012533709,2.4507009613489132
14.5,7.631915962833432,7.634432259158439,2.564697603890011,2.5596356117377264
15.0,7.5451804095900465,7.549262901536665,2.663125691527341,2.661620261492408
15.5,7.462392847345882,7.466746913984947,2.754925848292089,2.756633784685124
16.0,7.383197944441804,7.386788920051595,2.840752662603336,2.8448598531585434
16.5,7.307299372514593,7.309397319170522,2.921214244130454,2.9266703274913035
17.0,7.234445258657615,7.234622027735177,2.9968603333902593,3.002590609249731
17.5,7.164418594223663,7.162516455706402,3.068180059434212,3.0732512877519365
18.0,7.097030454555523,7.093115443378151,3.135604502586716,3.1393330551360217
18.5,7.032114958357853,7.026423912560647,3.199511457385711,3.2015127331515907
19.0,6.969525384296446,6.962412771891899,3.2602310022647316,3.260417323941076
19.5,6.909131101870003,6.901019682243053,3.31805114236613,3.3165907551730074
20.0,6.850815100252987,6.842152945266031,3.373223154683501,3.3704752006993903
20.5,6.794471970811628,6.785697210629326,3.425966465344914,3.422406269490189
21.0,6.740006242588152,6.731520011183097,3.4764729993647734,3.4726194846995098
21.5,6.68733099784231,6.679478385752371,3.5249110028508994,3.5212645230589548
22.0,6.6363667132494015,6.629425061481098,3.571428368343959,3.568423578493438
22.5,6.587040285126193,6.581213849932466,3.6161555081079655,3.6141307126594424
23.0,6.539284206160346,6.534704064349568,3.6592078249944393,3.6583898707665155
23.5,6.4930358677836475,6.489763888586855,3.7006878301641,3.701190124036252
24.0,6.448236967340449,6.446272721148041,3.740686953947034,3.742517481454639
24.5,6.404833003048055,6.404122582250622,3.7792870918775634,3.782363208593046
25.0,6.36277284275775,6.363218711299203,3.816561923293307,3.820728982288919
25.5,6.322008354921081,6.32347950106521,3.8525780352888432,3.8576294204396944
26.0,6.282494092101842,6.284835918077631,3.8873958804996396,3.89309259850646
26.5,6.244187018947742,6.247230550856884,3.9210705932832757,3.9271591439323132
27.0,6.20704627783698,6.210616412719114,3.953652685385294,3.9598804259189366
27.5,6.171032986487831,6.1749556072199,3.9851886391267044,3.991316260662961
28.0,6.136110062716512,6.14021794437452,4.015721413507038,4.021532451293641
28.5,6.102242072277137,6.106379576327403,4.04529087632892,4.050598389268088
29.0,6.069395096347307,6.073421703263573,4.07393417349607,4.078584865702103
29.5,6.037536615751038,6.041329384686267,4.101686044954818,4.105562178821215
30.0,6.006635409456749,6.01009047799023,4.128579095326131,4.131598576754331
30.5,5.9766614652646695,5.979694715549332,4.154644026052324,4.156759041352068
31.0,5.94758590091442,5.9501329231592415,4.179909834850719,4.181104396203981
31.5,5.919380894114283,5.921396376385574,4.204403987386058,4.204690708152702
32.0,5.892019620219004,5.893476286877081,4.228152565327093,4.2275689441918916
32.5,5.865476196476095,5.866363407714474,4.251180394319704,4.249784842864663
33.0,5.839725631922988,5.8400477450928605,4.273511154871699,4.271378959685136
33.5,5.814743782157109,5.814518362819858,4.2951674786885405,4.292386848559239
34.0,5.790507308313863,5.78976326602298,4.316171032614534,4.3128393448399835
34.5,5.766993639691634,5.765769350904664,4.336542592004889,4.332762919911097
35.0,5.744180939541934,5.742522408199056,4.356302105079521,4.352180081629125
35.5,5.7220480736170884,5.7200071690398,4.375468749571155,4.371109799287223
36.0,5.700574581127455,5.698207383138674,4.39406098278414,4.389567935817501
36.5,5.679740647809809,5.677105920421174,4.412096586010307,4.407567673621681
37.0,5.6595270808544464,5.656684888505935,4.429592704104834,4.425119923664139
37.5,5.639915285472796,5.636925759608129,4.446565880905268,4.442233710265558
38.0,5.620887242920446,5.617809501562282,4.463032091072705,4.45891652641097
38.5,5.602425489815857,5.599316708679107,4.479006768848137,4.475174656360182
39.0,5.584513098618288,5.581427729063582,4.494504834143072,4.491013463956392
39.5,5.567133659146521,5.56412278582449,4.509540716320089,4.506437646309697
40.0,5.550271261037835,5.547382090299817,4.524128375967848,4.521451453526407
40.5,5.533910477058953,5.531185946012616,4.538281324927652,4.536058875902133
41.0,5.5180363471930605,5.515514842565567,4.552012644793194,4.550263800533776
41.5,5.502634363436982,5.500349539087308,4.565335004070562,4.564070139667502
42.0,5.487690455251538,5.485671137169412,4.578260674159708,4.577481933317222
42.5,5.4731909756143295,5.471461143488872,4.590801544294436,4.590503428789586
43.0,5.45912268763135,5.4577015225060475,4.602969135558396,4.603139139760795
43.5,5.445472751668774,5.444374739771578,4.614774614078726,4.615393887489311
44.0,5.432228712970301,5.431463796475409,4.626228803482718,4.627272826634606
44.5,5.41937848973089,5.418952255934615,4.637342196693055,4.638781458000939
45.0,5.40691036159842,5.4068242627504155,4.648124967125796,4.649925630349349
45.5,5.394812958580587,5.395064555375302,4.658586979345841,4.6607115332309865
46.0,5.383075250334287,5.383658472822425,4.668737799228893,4.671145682598893
46.5,5.371686535819094,5.372591956227126,4.678586703671499,4.6812349007598915
47.0,5.360636433296008,5.36185154593724,4.688142689885126,4.690986292038266
47.5,5.34991487065605,5.351424374768497,4.697414484306194,4.700407215341992
48.0,5.33951207606333,5.341298158016188,4.706410551150611,4.7095052546531
48.5,5.329418568900564,5.3314611807661745,4.7151391006364065,4.718288188307658
49.0,5.319625151002242,5.321902282999407,4.723608096896555,4.726763957788862
49.5,5.310122898165389,5.31261084293559,4.731825265601742,4.734940636629169
50.0,5.300903151927287,5.3035767590135885,4.7397981013085655,4.74282639990389
50.5,5.291957511599094,5.294790430861246,4.747533874550527,4.750429494698891
51.0,5.283277826546397,5.286242739563654,4.755039638684309,4.757758211848218
51.5,5.274856188707929,5.277925027499027,4.762322236503735,4.764820859162549
52.0,5.266684925344293,5.269829077973963,4.769388306633232,4.771625736305602
52.5,5.258756592007558,5.261947094855746,4.776244289710917,4.77818111142172
53.0,5.251063965726076,5.25427168236849,4.782896434369945,4.784495199572985
53.5,5.243600038395357,5.246795825191882,4.789350803028469,4.790576143007116
54.0,5.2363580103699405,5.239512868976397,4.795613277493544,4.796431993247432
54.5,5.2293312842485875,5.232416501366678,4.801689564389562,4.802070694972106
55.0,5.222513458846549,5.225500733605164,4.807585200414906,4.807500071631051
55.5,5.2158983233501885,5.218759882771086,4.813305557436081,4.812727812734549
56.0,5.209479851646449,5.212188554694942,4.818855847422697,4.817761462736944
56.5,5.203252196822916,5.205781627575872,4.824241127231801,4.822608411431477
57.0,5.197209685833172,5.199534236318291,4.829466303243862,4.827275885767297
57.5,5.191346814320582,5.193441757595072,4.834536135858343,4.831770942997215
58.0,5.185658241598618,5.187499795636487,4.839455243851489,4.836100465063702
58.5,5.1801387857799455,5.181704168737963,4.8442281086022945,4.840271154131198
59.0,5.174783419052119,5.176050896474285,4.848859078189946,4.844289529174405
59.5,5.169587263093093,5.170536187603547,4.853352371368089,4.848161923534657
60.0,5.164545584624591,5.165156428641165,4.857712081418811,4.851894483359602
