stage,step,k2,R_interface,total,pde,left_bc,right_bc,flux_continuity,interface_jump,data,temporal_continuity
Adam,1,1.0,0.0010000000000000002,23.02899548636202,8.122534655141225,0.0,0.0,0.927592971778584,2.265052765673501,0.8747079610982242,0.2966735482786469
Adam,250,1.0,0.0010000000000000002,0.11998494568385679,0.05487773821096892,0.0,0.0,0.010938905385083991,0.007815643190045657,0.003646846503065442,0.000988419386710379
Adam,500,1.0,0.0010000000000000002,0.05634476050784728,0.020115016711440274,0.0,0.0,0.007057912949529212,0.005181688103934037,0.001900812775599107,0.0004982014986952684
Adam,750,1.0,0.0010000000000000002,0.0426017376479573,0.01205299936358062,0.0,0.0,0.006255210750677072,0.0038867295216255065,0.001555187531575189,0.0004854922696322212
Adam,1000,1.0,0.0010000000000000002,0.034728522635314195,0.009820411283006238,0.0,0.0,0.005127382659543917,0.0041220253994183245,0.0012478546664067484,0.00031801566292782374
Adam,1250,1.0,0.0010000000000000002,0.02854862660861685,0.007773562648974672,0.0,0.0,0.004006907598895817,0.004254402193027177,0.0009589612255383353,0.0002924141912335829
Adam,1500,1.0,0.0010000000000000002,0.02348525369235163,0.007193069924379479,0.0,0.0,0.0024587380435041597,0.003500490036972481,0.0007209064576716264,0.0003123891110779243
Adam,1750,1.0,0.0010000000000000002,0.022168669775051577,0.005407819404788652,0.0,0.0,0.003380552321607694,0.004985079763575324,0.0006426461636211073,0.00019687566488688326
Adam,2000,1.0,0.0010000000000000002,0.018750875695484694,0.005553902098442125,0.0,0.0,0.002332400126378098,0.0030901042927861774,0.0005754767198589493,0.00020197019792888007
Adam,2250,1.0,0.0010000000000000002,0.015061712840070298,0.004277868466657072,0.0,0.0,0.0017868928962364694,0.002168064539039525,0.0005311122682410433,0.00015177642557267972
Adam,2500,1.0,0.0010000000000000002,0.014362896508313284,0.004249047288942506,0.0,0.0,0.00165617654167212,0.002216404892830502,0.0004654946412416164,0.00015863213724519914
Adam,2750,1.0,0.0010000000000000002,0.012733605496755748,0.0038727742176617222,0.0,0.0,0.001517670371293434,0.0018632659501797812,0.00042832528324321677,0.00011966421251886417
Adam,3000,1.0,0.0010000000000000002,0.010869761065403993,0.003941923165703849,0.0,0.0,0.0008428406040721193,0.0010989287575600816,0.0003330116407016827,0.00016559521310511156
Adam,3250,1.0,0.0010000000000000002,0.009574210366667715,0.003162246473792959,0.0,0.0,0.0011952264673023361,0.0018318934196989386,0.0002688628388651223,6.962156172222595e-05
Adam,3500,1.0,0.0010000000000000002,0.00961937276982908,0.003962086965031477,0.0,0.0,0.0011656216182404323,0.001710272650241906,0.0001954139233002897,8.27252303312369e-05
Adam,3750,1.0,0.0010000000000000002,0.01374232207088137,0.002270951477392513,0.0,0.0,0.0007936664391046595,0.0010754376827969145,0.0001643969280978272,0.0007958297190609011
Adam,4000,1.0,0.0010000000000000002,0.005436114628965585,0.0017699604992672186,0.0,0.0,0.0007387949532093623,0.001229988236328825,0.00011823549686874681,5.150159714727107e-05
Adam,4250,1.0,0.0010000000000000002,0.004096789238822002,0.001638026778097369,0.0,0.0,0.0007615916501743315,0.0009245756462273056,6.686573047616657e-05,1.0393785956133028e-05
Adam,4500,1.0,0.0010000000000000002,0.003616802036733412,0.0016055988673841616,0.0,0.0,0.000509393656519233,0.0006544124990943176,4.37998277393865e-05,4.0939873634183485e-05
Adam,4750,1.0,0.0010000000000000002,0.002777908037858204,0.0012564562900175672,0.0,0.0,0.0004620284618136731,0.0005151736204712647,4.1061171625747446e-05,1.3363794929822441e-05
Adam,5000,1.0,0.0010000000000000002,0.0027269643783631218,0.001167718128147976,0.0,0.0,0.0005239793231304869,0.0006665216296872767,3.2052780201194826e-05,4.82174953854337e-06
LBFGS,523,1.0,0.0010000000000000002,0.00039883462649790226,0.00014285732018441092,0.0,0.0,8.137853773277159e-05,0.00014855314943549905,1.9596136951993188e-06,6.449482193227535e-07
