stage,step,k2,R_interface,total,pde,left_bc,right_bc,flux_continuity,interface_jump,data
Adam,1,1.0,0.0010000000000000002,22.10326793717286,3.623890107505643,0.2940421698026551,0.0001503144795468547,0.21027590475271185,1.5351008129040493,1.6439808627728256
Adam,250,1.0,0.0010000000000000002,0.8348557910750783,0.3226621427277827,0.08657626131691787,0.0014861833655042296,0.014358258923925248,0.004063653356612636,0.04057092913843357
Adam,500,1.0,0.0010000000000000002,0.3101312006646731,0.15049073201231827,0.04928008317873647,0.0020121634941960296,0.006645096148668462,0.006665112348446559,0.009503801348230732
Adam,750,1.0,0.0010000000000000002,0.12042386470944513,0.050395330521444424,0.04416635097250686,0.00108429460637947,0.0068375088064675064,0.0013186942961412238,0.0016621685506505658
Adam,1000,1.0,0.0010000000000000002,0.12819559033628009,0.058008181003680284,0.04304794894456848,0.0007661605453398576,0.006914281335145978,0.002267655756051298,0.0017191362751494195
Adam,1250,1.0,0.0010000000000000002,0.08911430188062212,0.02278696665371177,0.04868764911969804,0.0004871073233287328,0.005377805737865107,0.0006720576254885126,0.0011102715420529962
Adam,1500,1.0,0.0010000000000000002,0.062004529061347374,0.01476622683323112,0.032508550770872564,0.0003762475202566103,0.0038790244896583816,0.0006656780649526311,0.000980880138237607
Adam,1750,1.0,0.0010000000000000002,0.08371724561093813,0.018868442429032753,0.048914535530030785,0.00025340556616962383,0.0038123131686734085,0.0010127880358045739,0.0010855760881226992
Adam,2000,1.0,0.0010000000000000002,0.06833546626746877,0.014861888400229811,0.03871622277832933,0.00017136663345477187,0.0029625812732794114,0.0006127103485946994,0.0011010696833580744
Adam,2250,1.0,0.0010000000000000002,0.06843458010973706,0.018258142690481007,0.035214350336153534,0.00010953746294729586,0.002309219028673348,0.0004997010204794343,0.0012043629571002437
Adam,2500,1.0,0.0010000000000000002,0.058558430823965904,0.018247800159941305,0.027879452039644412,8.446616946753247e-05,0.0014142248626048154,0.0014903105194751225,0.0009442177072832712
Adam,2750,1.0,0.0010000000000000002,0.05636838158832912,0.011488231773385763,0.034346730139289704,6.225797115243795e-05,0.0012550875396991905,0.00036360332803557103,0.0008852470836766446
Adam,3000,1.0,0.0010000000000000002,0.04503125130378494,0.00965807394324399,0.025049725793000955,5.04550707050456e-05,0.0017656388022701634,0.0010125824116058218,0.0007494775282958973
Adam,3250,1.0,0.0010000000000000002,0.04544012810771002,0.0070975202600645736,0.031354770745850524,4.083383858383301e-05,0.0008390506153649823,0.0004643812909544588,0.0005643571356891641
Adam,3500,1.0,0.0010000000000000002,0.054794481152909205,0.014814149921724772,0.03105898583969821,2.3804160496244337e-05,0.0008802559133492492,0.0006286128063053801,0.0007388672511335356
Adam,3750,1.0,0.0010000000000000002,0.04305656690525436,0.011055493278935848,0.024966038773986628,2.9406750028852955e-05,0.00086291447671193,0.0008980144805248638,0.0005244699145066239
Adam,4000,1.0,0.0010000000000000002,0.09672714798582818,0.05010203349979719,0.02409393510469208,2.7192902011877076e-05,0.0012338257220247104,0.0016698712124518606,0.001960028954485047
Adam,4250,1.0,0.0010000000000000002,0.043980359690943195,0.009437690915664588,0.028522560789426783,2.657181887980213e-05,0.0007827002647647731,0.0009554626167605756,0.0004255373285446674
Adam,4500,1.0,0.0010000000000000002,0.03502246520025973,0.011488507207086803,0.017408189192781885,2.0569317945268142e-05,0.0006232893902842932,0.000893740917162514,0.00045881691749989677
Adam,4750,1.0,0.0010000000000000002,0.025665941229099057,0.005876215587444017,0.015385308240717308,2.5374187323343338e-05,0.0006217036122912981,0.001005513598774969,0.00027518260025481206
Adam,5000,1.0,0.0010000000000000002,0.03486985435865095,0.012396130016784442,0.01865581821991706,2.6997084225565727e-05,0.00037374306743232,0.0012240205947281837,0.00021931453755633806
LBFGS,518,1.0,0.0010000000000000002,0.00590889944659669,0.0008631091896827245,0.004500009189466525,1.4224311032666036e-05,9.877203481123824e-05,6.363995309230291e-05,3.691447685112327e-05
