local_z,layer1_temporal_jump_K,layer2_temporal_jump_K
0.0,-0.0030974593334701095,0.004860193714973926
0.001953125,-0.003097348805874145,0.005107518719612014
0.00390625,-0.0030970172296276854,0.005335630030474103
0.005859375,-0.0030964646243253346,0.005544948153414775
0.0078125,-0.0030956910226265233,0.005735894404365061
0.009765625,-0.003094696470252456,0.005908890645555109
0.01171875,-0.0030934810259741763,0.0060643590266740155
0.013671875,-0.003092044761607571,0.006202721731051741
0.015625,-0.0030903877620111486,0.006324400727043544
0.017578125,-0.003088510125067445,0.006429817524702397
0.01953125,-0.003086411961677471,0.006519392937799906
0.021484375,-0.0030840933957465566,0.006593546851345056
0.0234375,-0.0030815545641599273,0.006652697994629642
0.025390625,-0.0030787956167915853,0.0066972637199136376
0.02734375,-0.0030758167164474104,0.006727659786773255
0.029296875,-0.0030726180388898627,0.0067443001522088375
0.03125,-0.003069199772786635,0.006747596766532582
0.033203125,-0.0030655621196959415,0.00673795937507049
0.03515625,-0.0030617052940498657,0.006715795325751284
0.037109375,-0.003057629523122718,0.006681509382531758
0.0390625,-0.003053335047003558,0.006635503544781818
0.041015625,-0.0030488221185823172,0.006578176872529817
0.04296875,-0.003044091003486793,0.0065099253176381655
0.044921875,-0.003039141980093474,0.006431141560903075
0.046875,-0.003033975339463424,0.006342214855047934
0.048828125,-0.0030285913853289603,0.006243530873578651
0.05078125,-0.0030229904340445257,0.00613547156556149
0.052734375,-0.0030171728145572674,0.006018415016171286
0.0546875,-0.0030111388683637386,0.005892735313108299
0.056640625,-0.0030048889494793674,0.005758802418748821
0.05859375,-0.00299842342439377,0.005616982048027852
0.060546875,-0.002991742672020792,0.005467635552015571
0.0625,-0.002984847083667419,0.005311119807114295
0.064453125,-0.002977737062981045,0.005147787109829882
0.06640625,-0.002970413025911167,0.004977985077059266
0.068359375,-0.0029628754006508218,0.004802056551833633
0.0703125,-0.0029551246276007803,0.004620339514445071
0.072265625,-0.0029471611593143154,0.004433166998868421
0.07421875,-0.00293898546044169,0.004240867014461136
0.076171875,-0.0029305980076857474,0.004043762472785706
0.078125,-0.0029219992897475122,0.0038421711195507635
0.080078125,-0.0029131898072676243,0.003636405471530435
0.08203125,-0.0029041700727788777,0.0034267727584164076
0.083984375,-0.0028949406106312803,0.0032135748694961386
0.0859375,-0.002885501956963743,0.0029971083050739367
0.087890625,-0.0028758546596244217,0.002777664132539992
0.08984375,-0.002865999278109932,0.0025555279470201864
0.091796875,-0.00285593638351761,0.0023309798364556933
0.09375,-0.002845666558469462,0.0021042943511001555
0.095703125,-0.0028351903970669223,0.0018757404772395958
0.09765625,-0.0028245085048134166,0.0016455816151567104
0.099609375,-0.0028136214985549635,0.0014140755610986266
0.1015625,-0.0028025300064041248,0.001181474493294199
0.103515625,-0.0027912346677003153,0.0009480249618104564
0.10546875,-0.0027797361329165438,0.0007139678822071227
0.107421875,-0.002768035063596408,0.0004795385328781876
0.109375,-0.002756132132299971,0.0002449665559600689
0.111328125,-0.00274402802252105,1.0475961726430505e-05
0.11328125,-0.002731723428616717,-0.00022371486362748882
0.115234375,-0.002719219055743183,-0.0004573931469353809
0.1171875,-0.002706515619787797,-0.0006903517138179271
0.119140625,-0.0026936138472816173,-0.0009223889713710909
0.12109375,-0.002680514475338347,-0.001153308887863469
0.123046875,-0.0026672182515849463,-0.0013829209695681577
0.125,-0.0026537259340780883,-0.0016110402347802033
0.126953125,-0.002640038291227831,-0.001837487185187836
0.12890625,-0.002626156101737942,-0.0020620877746180266
0.130859375,-0.002612080154516805,-0.0022846733753212334
0.1328125,-0.0025978112486130245,-0.002505080741814214
0.134765625,-0.0025833501931207814,-0.0027231519724701947
0.13671875,-0.002568697807131537,-0.0029387344688514005
0.138671875,-0.0025538549196338356,-0.0031516808929449303
0.140625,-0.0025388223694472467,-0.003361849122369698
0.142578125,-0.002523601005137155,-0.003569102203614949
0.14453125,-0.0025081916849600816,-0.0037733083034774406
0.146484375,-0.002492595276744336,-0.003974340658675635
0.1484375,-0.0024768126578642025,-0.004172077523821871
0.150390625,-0.00246084471512642,-0.004366402117782497
0.15234375,-0.002444692344696908,-0.004557202568530316
0.154296875,-0.002428356452036373,-0.004744371856547636
0.15625,-0.0024118379518134336,-0.004927807756909264
0.158203125,-0.0023951377678307906,-0.005107412780048781
0.16015625,-0.0023782568329444587,-0.005283094111355191
0.162109375,-0.002361196088988826,-0.005454763549640473
0.1640625,-0.002343956486709764,-0.005622337444532999
0.166015625,-0.0023265389856577667,-0.005785736632947791
0.16796875,-0.002308944554147152,-0.005944886374575353
0.169921875,-0.0022911741691661325,-0.006099716286586676
0.171875,-0.00227322881628772,-0.0062501602775444365
0.173828125,-0.0022551094896167134,-0.006396156480611426
0.17578125,-0.002236817191691165,-0.006537647186103945
0.177734375,-0.002218352933442691,-0.006674578773476769
0.1796875,-0.0021997177340774,-0.006806901642799623
0.181640625,-0.0021809126210475815,-0.006934570145727403
0.18359375,-0.0021619386299334686,-0.007057542516126225
0.185546875,-0.0021427968044215873,-0.007175780800294795
0.1875,-0.0021234881961906815,-0.007289250786926549
0.189453125,-0.0021040138648587003,-0.00739792193683253
0.19140625,-0.0020843748779153515,-0.007501767312446117
0.193359375,-0.002064572310646884,-0.00760076350720007
0.1953125,-0.002044607246071972,-0.007694890574833635
0.197265625,-0.002024480774877324,-0.00778413195861638
0.19921875,-0.002004193995339132,-0.007868474420583138
0.201171875,-0.0019837480132711693,-0.007947907970829449
0.203125,-0.00196314394195235,-0.00802242579686141
0.205078125,-0.0019423829020664973,-0.008092024193096514
0.20703125,-0.0019214660216457236,-0.008156702490499379
0.208984375,-0.0019003944359896607,-0.008216462986454509
0.2109375,-0.0018791692876399257,-0.008271310874827797
0.212890625,-0.0018577917262838084,-0.008321254176361648
0.21484375,-0.0018362629087265159,-0.00836630366931379
0.216796875,-0.0018145839988209511,-0.0084064728204708
0.21875,-0.0017927561674169201,-0.008441777716531595
0.220703125,-0.0017707805923022901,-0.00847223699585703
0.22265625,-0.00174865845816774,-0.008497871780691058
0.224609375,-0.0017263909565362612,-0.008518705609788513
0.2265625,-0.0017039792857351244,-0.008534764371556092
0.228515625,-0.0016814246508273234,-0.008546076237691824
0.23046875,-0.0016587282635863176,-0.008552671597329975
0.232421875,-0.0016358913424424637,-0.00855458299176215
0.234375,-0.0016129151124427699,-0.008551845049715179
0.236328125,-0.001589800805210373,-0.008544494423220472
0.23828125,-0.0015665496589095662,-0.008532569724107042
0.240234375,-0.00154316291821055,-0.008516111461087938
0.2421875,-0.0015196418342453,-0.008495161977536136
0.244140625,-0.0014959876645895265,-0.008469765389885753
0.24609375,-0.0014722016732202081,-0.008439967526739367
0.248046875,-0.0014482851304992161,-0.008405815868624544
0.25,-0.0014242393131363995,-0.008367359488499204
0.251953125,-0.0014000655041671028,-0.008324648992942274
0.25390625,-0.0013757649929332927,-0.008277736464072927
0.255859375,-0.0013513390750727328,-0.008226675402229211
0.2578125,-0.0013267890524812365,-0.008171520669360832
0.259765625,-0.0013021162333159975,-0.008112328433204363
0.26171875,-0.0012773219319633933,-0.008049156112210909
0.263671875,-0.001252407469062855,-0.007982062321245653
0.265625,-0.0012273741714563524,-0.007911106818063451
0.267578125,-0.0012022233722108755,-0.007836350450576568
0.26953125,-0.0011769564106045571,-0.007757855104899569
0.271484375,-0.001151574632132779,-0.007675683654203014
0.2734375,-0.001126079388502621,-0.007589899908338749
0.275390625,-0.0011004720376422972,-0.007500568564311194
0.27734375,-0.001074753943707818,-0.007407755157491092
0.279296875,-0.001048926477089096,-0.007311526013690506
0.28125,-0.00102299101442771,-0.007211948202013596
0.283203125,-0.0009969489386213448,-0.007109089488527842
0.28515625,-0.0009708016388659813,-0.007003018290736296
0.287109375,-0.0009445505106397967,-0.006893803632867512
0.2890625,-0.0009181969557631176,-0.006781515101963176
0.291015625,-0.000891742382396199,-0.006666222804789512
0.29296875,-0.0008651882050952908,-0.006547997325533905
0.294921875,-0.0008385358448159685,-0.0064269096843114215
0.296875,-0.0008117867289686442,-0.006303031296504558
0.298828125,-0.0007849422914463222,-0.006176433932841563
0.30078125,-0.0007580039726723387,-0.006047189680325471
0.302734375,-0.0007309732196414398,-0.005915370903938066
0.3046875,-0.000703851485964746,-0.005781050209111571
0.306640625,-0.0006766402319174913,-0.0056443004050271695
0.30859375,-0.000649340924500641,-0.005505194468659325
0.310546875,-0.0006219550374847449,-0.005363805509615294
0.3125,-0.0005944840514876537,-0.005220206735728761
0.314453125,-0.0005669294540139314,-0.005074471419453386
0.31640625,-0.0005392927395347913,-0.0049266728649657865
0.318359375,-0.0005115754095513791,-0.004776884376082313
0.3203125,-0.0004837789726702679,-0.004625179224869991
0.322265625,-0.00045590494467839804,-0.004471630621028233
0.32421875,-0.0004279548486102458,-0.004316311682030782
0.326171875,-0.00039993021484996394,-0.004159295403932395
0.328125,-0.00037183258118134166,-0.004000654632966838
0.330078125,-0.00034366349292491716,-0.0038404620378221233
0.33203125,-0.00031542450297739055,-0.0036787900826290576
0.333984375,-0.0002871171719370791,-0.0035157110006636683
0.3359375,-0.00025874306819717585,-0.0033512967687432393
0.337890625,-0.0002303037680373432,-0.003185619082292368
0.33984375,-0.00020180085572918394,-0.0030187493311145674
0.341796875,-0.0001732359236472636,-0.002850758575814183
0.34375,-0.00014461057237513675,-0.002681717524892213
0.345703125,-0.00011592641082303068,-0.0025116965124960533
0.34765625,-8.718505634608409e-05,-0.002340765476821771
0.349609375,-5.838813485203875e-05,-0.0021689939391511537
0.3515625,-2.953728092280894e-05,-0.0019964509835135313
0.353515625,-6.341379665819602e-07,-0.0018232052370042995
0.35546875,2.8319641682816865e-05,-0.001649324850669931
0.357421875,5.732239662215033e-05,-0.001474877481026926
0.359375,8.637245623943635e-05,-0.0012999302722060957
0.361328125,0.00011546814058904786,-0.001124549838620592
0.36328125,0.00014460776023128563,-0.0009488022482803671
0.365234375,0.00017378961610414745,-0.0007727530066498067
0.3671875,0.0002030119993756685,-0.0005964670410671391
0.369140625,0.000232273191282939,-0.00042000868573838224
0.37109375,0.00026157146298333434,-0.00024344166725615013
0.373046875,0.00029090507540463495,-6.682909069660736e-05
0.375,0.0003202722790796031,0.00010976657380923349
0.376953125,0.0003496713139888863,0.0002862835039224576
0.37890625,0.00037910040938837763,0.0004626605374691284
0.380859375,0.0004085577836487886,0.0006388371842913632
0.3828125,0.0004380416440891155,0.0008147536376049147
0.384765625,0.00046755018679400795,0.0009903507848496584
0.38671875,0.0004970815964427944,0.0011655702181051497
0.388671875,0.0005266340461407282,0.0013403542439738292
0.390625,0.0005562056972158169,0.0015146458930509477
0.392578125,0.000585794699062836,0.001688388928902107
0.39453125,0.0006153991889434884,0.001861527856616696
0.396484375,0.0006450172917926711,0.0020340079309177916
0.3984375,0.0006746471200536064,0.0022057751638121514
0.400390625,0.000704286773451912,0.0023767763318721657
0.40234375,0.0007339343388318431,0.0025469589830412476
0.404296875,0.0007635878899453497,0.0027162714430792323
0.40625,0.0007932454872522365,0.0028846628215734027
0.408203125,0.0008229051777203233,0.003052083017592855
0.41015625,0.000852564994639482,0.0032184827249101544
0.412109375,0.0008822229573951512,0.0033838134369010286
0.4140625,0.0009118770712818192,0.0035480274510382714
0.416015625,0.0009415253272809787,0.003711077873016222
0.41796875,0.0009711657018635078,0.0038729186205802013
0.419921875,0.0010007961567715107,0.004033504426928514
0.421875,0.0010304146388223634,0.004192790843833005
0.423828125,0.0010600190796733466,0.004350734244407961
0.42578125,0.0010896073956301322,0.0045072918255467664
0.427734375,0.0011191774874202975,0.004662421610073519
0.4296875,0.0011487272399812731,0.0048160824485213305
0.431640625,0.0011782545222405183,0.004968234020680112
0.43359375,0.001207757186904579,0.005118836836785351
0.435546875,0.0012372330702464795,0.005267852238471926
0.4375,0.0012666799918659155,0.005415242399384179
0.439453125,0.0012960957544999596,0.005560970325564768
0.44140625,0.001325478143777703,0.005704999855534326
0.443359375,0.0013548249280348479,0.0058472956601322845
0.4453125,0.001384133858052805,0.005987823242084439
0.447265625,0.001413402666879393,0.006126548935321829
0.44921875,0.0014426290695812582,0.006263439904064111
0.451171875,0.0014718107630579125,0.006398464141645632
0.453125,0.001500945425786937,0.006531590469134596
0.455078125,0.0015300307176402406,0.006662788533700059
0.45703125,0.0015590642796498022,0.0067920288067678525
0.458984375,0.0015880437338050557,0.006919282581967362
0.4609375,0.001616966682831955,0.007044521972866535
0.462890625,0.0016458307099820324,0.007167719910482484
0.46484375,0.001674633378820345,0.007288850140617226
0.466796875,0.0017033722330278556,0.00740788722101593
0.46875,0.0017320447961810537,0.0075248065182763335
0.470703125,0.0017606485715526698,0.007639584204658656
0.47265625,0.0017891810418996235,0.007752197254620591
0.474609375,0.0018176396692887176,0.007862623441290684
0.4765625,0.0018460218948640472,0.007970841332680528
0.478515625,0.001874325138669919,0.008076830287782333
0.48046875,0.001902546799459337,0.0081805704525105
0.482421875,0.0019306842545008251,0.008282042755470148
0.484375,0.001958734859375255,0.008381228903586169
0.486328125,0.0019866959478281876,0.008478111377603487
0.48828125,0.0020145648315511577,0.008572673427420657
0.490234375,0.0020423388000373466,0.008664899067328535
0.4921875,0.0020700151203767447,0.008754773071076027
0.494140625,0.0020975910371134887,0.00884228096683759
0.49609375,0.002125063772075997,0.0089274090320704
0.498046875,0.0021524305242037745,0.009010144288218724
0.5,0.0021796884694064156,0.009090474495335177
0.501953125,0.0022068347604070615,0.009168388146583856
0.50390625,0.002233866526595296,0.009243874462638857
0.505859375,0.0022607808738889235,0.00931692338599549
0.5078125,0.0022875748845957444,0.009387525575148548
0.509765625,0.002314245617286992,0.009455672398717557
0.51171875,0.002340790106677426,0.009521355929479752
0.513671875,0.002367205363489888,0.009584568938271615
0.515625,0.002393488374365371,0.009645304887873768
0.517578125,0.002419636101749778,0.009703557926760281
0.51953125,0.0024456454837817887,0.009759322882822163
0.521484375,0.002471513434217365,0.009812595256973727
0.5234375,0.002497236842339823,0.009863371216716349
0.525390625,0.0025228125728843365,0.009911647589645467
0.52734375,0.0025482374659557827,0.009957421856861826
0.529296875,0.0025735083369798906,0.01000069214636301
0.53125,0.0025986219766327423,0.010041457226332845
0.533203125,0.0026235751508174587,0.010079716498438557
0.53515625,0.0026483646005903694,0.010115469991014425
0.537109375,0.0026729870421654534,0.01014871835225542
0.5390625,0.0026974391668704856,0.010179462843303427
0.541015625,0.0027217176411409305,0.010207705331349987
0.54296875,0.0027458191065127258,0.010233448282678942
0.544921875,0.002769740179626168,0.010256694755662876
0.546875,0.0027934774522481165,0.010277448393723743
0.548828125,0.0028170274912847626,0.010295713418290026
0.55078125,0.0028403868388254816,0.010311494621688122
0.552734375,0.0028635520121778058,0.010324797360030391
0.5546875,0.0028865195039284863,0.010335627546079335
0.556640625,0.00290928578199956,0.010343991642083883
0.55859375,0.00293184728973217,0.010349896652581542
0.560546875,0.0029542004459648386,0.010353350117209004
0.5625,0.002976341645135605,0.010354360103480426
0.564453125,0.0029982672573802827,0.010352935199568203
0.56640625,0.003019973628665684,0.010349084507035033
0.568359375,0.0030414570809006447,0.010342817633610807
0.5703125,0.00306271391210311,0.010334144685921198
0.572265625,0.0030837403965294774,0.010323076262218761
0.57421875,0.003104532784851677,0.010309623445122068
0.576171875,0.003125087304335361,0.010293797794345277
0.578125,0.0031454001590314196,0.010275611339422286
0.580078125,0.003165467529968602,0.010255076572437821
0.58203125,0.00318528557538611,0.010232206440775049
0.583984375,0.0032048504309400982,0.010207014339835146
0.5859375,0.003224158209962358,0.010179514105790322
0.587890625,0.0032432050037062288,0.010149720008340302
0.58984375,0.003261986881619716,0.010117646743472847
0.591796875,0.0032804998916130534,0.010083309426236892
0.59375,0.003298740060364569,0.010046723583522765
0.595703125,0.003316703393626552,0.01000790514686406
0.59765625,0.003334385876542223,0.009966870445261983
0.599609375,0.0033517834739776875,0.009923636197995689
0.6015625,0.0033688921308838715,0.009878219507480496
0.603515625,0.00338570777264513,0.00983063785214594
0.60546875,0.0034022263054572788,0.009780909079293437
0.607421875,0.003418443616724498,0.009729051398033317
0.609375,0.00343435557546512,0.009675083372193
0.611328125,0.0034499580327201906,0.00961902391327804
0.61328125,0.0034652468219931176,0.009560892273458993
0.615234375,0.0034802177597020867,0.009500708038548272
0.6171875,0.003494866645631922,0.00943849112105516
0.619140625,0.003509189263422585,0.009374261753229002
0.62109375,0.003523181381038243,0.009308040480148633
0.623046875,0.0035368387512996202,0.009239848152825386
0.625,0.0035501571123880415,0.009169705921362598
0.626953125,0.0035631321883777822,0.009097635228118572
0.62890625,0.003575759689793956,0.009023657800920765
0.630859375,0.0035880353141576338,0.008947795646294804
0.6328125,0.0035999547465859205,0.008870071042743136
0.634765625,0.003611513660378707,0.008790506534055165
0.63671875,0.00362270771759321,0.008709124922632178
0.638671875,0.003633532569713993,0.008625949262880128
0.640625,0.0036439838582436046,0.008541002854613178
0.642578125,0.003654057215373707,0.008454309236503796
0.64453125,0.00366374826464011,0.008365892179567902
0.646484375,0.003673052621601669,0.008275775680688865
0.6484375,0.003681965894512529,0.008183983956180016
0.650390625,0.00369048368506375,0.008090541435382057
0.65234375,0.0036986015890466684,0.007995472754312657
0.654296875,0.0037063151971333808,0.007898802749338185
0.65625,0.003713620095577297,0.007800556450886856
0.658203125,0.0037205118669975112,0.007700759077233776
0.66015625,0.0037269860911270936,0.007599436028285431
0.662109375,0.003733038345615225,0.0074966128794244635
0.6640625,0.003738664206794917,0.007392315375398528
0.666015625,0.0037438592505040225,0.0072865694242570805
0.66796875,0.0037486190529006924,0.007179401091317178
0.669921875,0.0037529391912782817,0.007070836593166471
0.671875,0.003756815244925771,0.006960902291745924
0.673828125,0.0037602427959648743,0.00684962468842254
0.67578125,0.0037632174301993615,0.006737030418164439
0.677734375,0.0037657347380209982,0.006623146243712463
0.6796875,0.003767790315251651,0.006507999049819371
0.681640625,0.003769379764064773,0.0063916158375239285
0.68359375,0.003770498693865254,0.006274023718484609
0.685546875,0.003771142722208687,0.006155249909349722
0.6875,0.0037713074757134146,0.006035321726155854
0.689453125,0.003770988591000335,0.005914266578804367
0.69140625,0.0037701817156088335,0.005792111965563368
0.693359375,0.003768882508944915,0.005668885467615473
0.6953125,0.003767086643231554,0.005544614743650464
0.697265625,0.0037647898044645967,0.0054193275245249806
0.69921875,0.0037619876933697727,0.00529305160793192
0.701171875,0.003758676026361374,0.0051658148531624065
0.703125,0.0037548505365286866,0.00503764517585048
0.705078125,0.003750506974606327,0.004908570542834709
0.70703125,0.0037456411099406894,0.004778618967014522
0.708984375,0.0037402487314946997,0.0046478185022810065
0.7109375,0.003734325648810377,0.004516197238473782
0.712890625,0.003727867693025244,0.004383783296403182
0.71484375,0.0037208707178271183,0.004250604822911494
0.716796875,0.0037133306004749622,0.004116689985961819
0.71875,0.0037052432427736592,0.003982066969819217
0.720703125,0.0036966045720793206,0.0038467639702331746
0.72265625,0.0036874105422673997,0.0037108091896752987
0.724609375,0.003677657134746881,0.0035742308326506406
0.7265625,0.0036673403594372767,0.00343705710102421
0.728515625,0.0036564562557411806,0.0032993161894057793
0.73046875,0.0036450008935517975,0.003161036280586796
0.732421875,0.0036329703742021824,0.0030222455410058857
0.734375,0.003620360831459446,0.0028829721162818706
0.736328125,0.0036071684324756603,0.002743244126779676
0.73828125,0.003593389378763745,0.0026030896632189826
0.740234375,0.0035790199071344952,0.002462536782338598
0.7421875,0.003564056290660811,0.002321613502601627
0.744140625,0.003548494839589744,0.0021803477999449844
0.74609375,0.003532331902301733,0.0020387676035731744
0.748046875,0.00351556386620433,0.0018969007918025887
0.75,0.0034981871586498015,0.001754775187945909
0.751953125,0.0034801982478299687,0.0016124185562486903
0.75390625,0.0034615936436588335,0.0014698585978505097
0.755859375,0.003442369898641884,0.001327122946816195
0.7578125,0.0034225236087265243,0.0011842391662003626
0.759765625,0.0034020514141586133,0.0010412347441540737
0.76171875,0.0033809500002901505,0.0008981370900725677
0.763671875,0.0033592160983969555,0.0007549735307975369
0.765625,0.0033368464864702574,0.0006117713068554825
0.767578125,0.0033138379899810833,0.00046855756874089605
0.76953125,0.0032901874826435362,0.00032535937324086606
0.771484375,0.003265891887147543,0.00018220367981006125
0.7734375,0.00324094817586551,3.911734698089364e-05
0.775390625,0.003215353371543994,-0.00010387287118586441
0.77734375,0.0031891045479764957,-0.00024674032860161343
0.779296875,0.0031621988306451687,-0.00038945849059758564
0.78125,0.00313463339733977,-0.0005320009373621648
0.783203125,0.0031064054787582895,-0.0006743413673068743
0.78515625,0.0030775123590731646,-0.0008164536003963524
0.787109375,0.0030479513764608557,-0.0009583115814569554
0.7890625,0.003017719923640305,-0.0010998893834054946
0.791015625,0.0029868154483359,-0.0012411612104905323
0.79296875,0.002955235453747651,-0.0013821014014352845
0.794921875,0.0029229774989592006,-0.0015226844325787886
0.796875,0.0028900391993563757,-0.0016628849209778668
0.798828125,0.0028564182269691374,-0.0018026776274319978
0.80078125,0.002822112310802982,-0.0019420374595120748
0.802734375,0.002787119237138702,-0.0020809394745243542
0.8046875,0.002751436849791622,-0.002219358882450742
0.806640625,0.0027150630503225415,-0.0023572710488278803
0.80859375,0.0026779957982575597,-0.0024946514975982687
0.810546875,0.0026402331111952115,-0.0026314759139509786
0.8125,0.0026017730649574577,-0.0027677201470686225
0.814453125,0.0025626137936407556,-0.0029033602128838293
0.81640625,0.0025227534896660186,-0.0030383722967785437
0.818359375,0.002482190403754747,-0.003172732756238708
0.8203125,0.002440922844895721,-0.0033064181234882667
0.822265625,0.002398949180258403,-0.003439405108077165
0.82421875,0.002356267835044723,-0.0035716705994261883
0.826171875,0.0023128772923453056,-0.003703191669362782
0.828125,0.002268776092883007,-0.003833945574570133
0.830078125,0.0022239628347830998,-0.003963909759066228
0.83203125,0.0021784361732496427,-0.004093061856574737
0.833984375,0.0021321948202152052,-0.0042213796929266995
0.8359375,0.0020852375439373017,-0.004348841288378952
0.837890625,0.0020375631685726203,-0.004475424859930535
0.83984375,0.0019891705736468923,-0.004601108823568956
0.841796875,0.0019400586935480746,-0.004725871796526747
0.84375,0.001890226516914617,-0.004849692599466042
0.845703125,0.0018396730860059662,-0.004972550258634037
0.84765625,0.0017883974960036797,-0.0050944240080205705
0.849609375,0.001736398894293667,-0.00521529329141214
0.8515625,0.001683676479651841,-0.0053351377645068435
0.853515625,0.001630229501426439,-0.005453937296899594
0.85546875,0.001576057258632635,-0.00557167197410547
0.857421875,0.001521159099019953,-0.005688322099512665
0.859375,0.0014655344180813934,-0.005803868196312921
0.861328125,0.0014091826579998301,-0.005918291009409209
0.86328125,0.0013521033065516663,-0.006031571507285373
0.865234375,0.0012942958959788475,-0.006143690883827942
0.8671875,0.0012357600017626202,-0.006254630560149216
0.869140625,0.0011764952413817475,-0.006364372186341907
0.87109375,0.0011165012730091073,-0.0064728976432372465
0.873046875,0.0010557777941544444,-0.00658018904411084
0.875,0.00099432454024162,-0.006686228736353661
0.876953125,0.0009321412831664322,-0.006790999303146403
0.87890625,0.0008692278297650624,-0.006894483565052512
0.880859375,0.0008055840202514375,-0.006996664581629813
0.8828125,0.0007412097266124018,-0.00709752565297584
0.884765625,0.0006761048509124068,-0.007197050321275517
0.88671875,0.0006102693235926493,-0.00729522237228504
0.888671875,0.000543703101681392,-0.0073920258368201375
0.890625,0.00047640616698041427,-0.0074874449921913735
0.892578125,0.0004083785241981719,-0.007581464363616876
0.89453125,0.0003396201989941394,-0.007674068725618856
0.896484375,0.0002701312360348096,-0.007765243103375306
0.8984375,0.00019991169696420563,-0.007854972774051887
0.900390625,0.00012896165831166595,-0.007943243268102272
0.90234375,5.7281209399628885e-05,-0.00803004037054994
0.904296875,-1.512954984239645e-05,-0.008115350122220033
0.90625,-8.827051109827622e-05,-0.00819915882098312
0.908203125,-0.0001621415599001308,-0.0082814530229193
0.91015625,-0.00023674257795425202,-0.00836221954351072
0.912109375,-0.0003120734454908902,-0.008441445458759154
0.9140625,-0.00038813404365733994,-0.008519118106308163
0.916015625,-0.00046492425693378525,-0.00859522508653357
0.91796875,-0.0005424439756512855,-0.008669754263586418
0.919921875,-0.0006206930984703485,-0.008742693766438797
0.921875,-0.0006996715349694149,-0.008814031989892168
0.923828125,-0.0007793792082172457,-0.008883757595551552
0.92578125,-0.0008598160574319058,-0.00895185951278521
0.927734375,-0.0009409820406358627,-0.009018326939648907
0.9296875,-0.0010228771373615997,-0.009083149343790918
0.931640625,-0.0011055013514016387,-0.009146316463345544
0.93359375,-0.001188854713570775,-0.009207818307771024
0.935546875,-0.0012729372845132758,-0.009267645158680497
0.9375,-0.001357749157546162,-0.009325787570652333
0.939453125,-0.0014432904614897213,-0.00938223637200631
0.94140625,-0.0015295613636046035,-0.00943698266555635
0.943359375,-0.0016165620724539753,-0.009490017829350307
0.9453125,-0.0017042928408794733,-0.009541333517360112
0.947265625,-0.001792753968939964,-0.009590921660173161
0.94921875,-0.0018819458069069261,-0.009638774465656405
0.951171875,-0.0019718687582392924,-0.009684884419568288
0.953125,-0.002062523282632678,-0.009729244286197647
0.955078125,-0.002153909899019202,-0.009771847108923232
0.95703125,-0.0022460291886383654,-0.009812686210789318
0.958984375,-0.0023388817980812826,-0.009851755195040626
0.9609375,-0.002432468442350455,-0.009889047945637053
0.962890625,-0.0025267899079534084,-0.009924558627747333
0.96484375,-0.00262184705597468,-0.009958281688208538
0.966796875,-0.0027176408251566864,-0.009990211855982825
0.96875,-0.0028141722349911413,-0.010020344142569158
0.970703125,-0.0029114423888110252,-0.010048673842405487
0.97265625,-0.0030094524768708997,-0.010075196533243201
0.974609375,-0.003108203779432772,-0.010099908076497549
0.9765625,-0.0032076976698353077,-0.010122804617580597
0.978515625,-0.0033079356175741426,-0.010143882586203176
0.98046875,-0.0034089191913444505,-0.010163138696657019
0.982421875,-0.003510650062097942,-0.010180569948084854
0.984375,-0.003613130006070997,-0.010196173624694958
0.986328125,-0.0037163609077850435,-0.010209947296012448
0.98828125,-0.0038203447630719145,-0.010221888817031934
0.990234375,-0.00392508368201705,-0.010231996328416391
0.9921875,-0.004030579891913244,-0.010240268256628167
0.994140625,-0.0041368357402110645,-0.010246703314062827
0.99609375,-0.004243853697383226,-0.010251300499139297
0.998046875,-0.004351636359805067,-0.010254059096387567
1.0,-0.00446018645259838,-0.010254978676508403
