time_s,observed_2 mm_rise_K,predicted_2 mm_rise_K,observed_7 mm_rise_K,predicted_7 mm_rise_K
0.5,0.4529326582668318,0.45418771648604356,7.269072739291005e-07,4.924574610205369e-08
1.0,1.0194156652706852,1.0218827345739463,0.00017695807764539495,0.00010116040062119107
1.5,1.538931126395937,1.5409368538986188,0.002241761290008526,0.0018327958720908682
2.0,2.031557481684672,2.033248360400762,0.009862337050662973,0.008967577867740236
2.5,2.5072866214668466,2.5088320924678285,0.026408037217379388,0.0250533635607679
3.0,2.9706032159915594,2.9720949438411344,0.05377507805883397,0.05206197818215658
3.5,3.4237678975340486,3.425246519296688,0.09258108512631225,0.09061761828794422
4.0,3.8681033191687675,3.8695838051371187,0.14265847446148427,0.14053478663934738
4.5,4.304499253763311,4.305985246991191,0.2034381747322982,0.201222890366997
5.0,4.733620844455231,4.735111588341532,0.2741829890757117,0.27192631788196714
5.5,5.156000934462497,5.157494331939923,0.3541148628760311,0.35185280690486964
6.0,5.572085091517977,5.573578950369036,0.4424792320844517,0.4402372142119645
6.5,5.982256096771039,5.983748576813444,0.5385746367226147,0.536370282246642
7.0,6.386848773816553,6.388338500608745,0.6417638565548032,0.6396090523328172
7.5,6.78615982679753,6.787645874735639,0.7514755059953586,0.7493779167504063
8.0,7.180454838321225,7.18193666876359,0.8672009152813871,0.8651651053172876
8.5,7.569973502724338,7.571450892121573,0.9884888891255628,0.9865171572648832
9.0,7.9549336806977635,7.956406652320921,1.1149397247097,1.113032728677693
9.5,8.335534621272245,8.33700338524775,1.2461992127722397,1.2443564372597533
10.0,8.711959570051079,8.713424472773886,1.38195298422022,1.380173091863569
10.5,8.631445251912169,8.631651676236796,1.5219206384363133,1.5202024102343643
11.0,8.43353127334592,8.432522768645113,1.6656778371957444,1.66409345556641
11.5,8.27888222581646,8.278332681857048,1.811288039284534,1.8100930741872447
12.0,8.147557017636586,8.147320492336714,1.9548831549033707,1.9542276438289017
12.5,8.029692818276033,8.029600419883614,2.092912497360487,2.092767939654082
13.0,7.920926630490271,7.9208872305327995,2.223315461185848,2.223577770256076
13.5,7.819112878487715,7.8190863544237486,2.3453247373506656,2.345883317771213
14.0,7.7230380095028295,7.723009878273212,2.458971012533709,2.4597332708661983
14.5,7.631915962833432,7.631883037670134,2.5646976038900107,2.5655925740132193
15.0,7.545180409590046,7.545143870376952,2.663125691527341,2.664100937840002
15.5,7.462392847345882,7.462355180600264,2.754925848292089,2.7559432634500607
16.0,7.383197944441804,7.38316169808623,2.840752662603336,2.8417848400297827
16.5,7.307299372514592,7.307266709450853,2.9212142441304536,2.922241694697023
17.0,7.234445258657615,7.234417844295949,2.9968603333902593,2.9978694226602047
17.5,7.164418594223662,7.164397614941127,3.068180059434212,3.0691614864664065
18.0,7.097030454555522,7.0970166813278235,3.135604502586716,3.136552172531705
18.5,7.032114958357852,7.032108820494911,3.199511457385711,3.2004216404126478
19.0,6.969525384296446,6.969527039619575,3.2602310022647316,3.261101702857782
19.5,6.909131101870003,6.909140498571057,3.31805114236613,3.3188816249475317
20.0,6.850815100252987,6.850832029326367,3.373223154683501,3.3740135864595193
20.5,6.794471970811628,6.794496109415526,3.4259664653449136,3.4267176476104564
21.0,6.7400062425881515,6.740037189239293,3.4764729993647734,3.4771861658322676
21.5,6.687330997842309,6.687368300513898,3.5249110028508994,3.5255876688940857
22.0,6.6363667132494015,6.636409891437436,3.571428368343959,3.5720702189732347
22.5,6.587040285126193,6.587088846875793,3.6161555081079655,3.616764315427223
23.0,6.539284206160346,6.539337660938027,3.6592078249944393,3.6597853880921516
23.5,6.493035867783647,6.49309373597017,3.7006878301640995,3.7012359320577874
24.0,6.448236967340449,6.448298787007098,3.7406869539470335,3.7412073314598677
24.5,6.404833003048054,6.40489833457604,3.7792870918775634,3.779781415287969
25.0,6.3627728427577495,6.3628412717671,3.816561923293307,3.817031783330981
25.5,6.322008354921081,6.322079493893958,3.8525780352888432,3.8530249356109
26.0,6.282494092101842,6.282567581012603,3.887395880499639,3.8878212342143437
26.5,6.244187018947741,6.244262525153541,3.9210705932832752,3.9214757224198573
27.0,6.20704627783698,6.207123495430411,3.9536526853852934,3.954038822465734
27.5,6.17103298648783,6.171111635271762,3.9851886391267044,3.985556930196401
28.0,6.1361100627165115,6.136189886926116,4.015721413507038,4.016072922133548
28.5,6.102242072277136,6.102322839146144,4.04529087632892,4.045626588200663
29.0,6.069395096347307,6.069476594592079,4.07393417349607,4.074255001343406
29.5,6.037536615751037,6.037618654027984,4.101686044954818,4.101992833591495
30.0,6.006635409456749,6.006717814833968,4.128579095326131,4.128872626661848
30.5,5.9766614652646695,5.976744081736721,4.154644026052324,4.15492502397258
31.0,5.947585900914419,5.9476685879809885,4.179909834850719,4.180178969892243
31.5,5.919380894114283,5.919463525435304,4.204403987386058,4.204661881161506
32.0,5.892019620219003,5.892102082354139,4.228152565327093,4.228399794671808
32.5,5.865476196476095,5.865558387712334,4.251180394319704,4.251417495147404
33.0,5.839725631922988,5.839807461191469,4.273511154871699,4.273738625736338
33.5,5.814743782157109,5.814825168036622,4.2951674786885405,4.295385784057601
34.0,5.790507308313863,5.790588178119389,4.316171032614534,4.316380605863428
34.5,5.766993639691634,5.767073928642536,4.336542592004889,4.3367438381468055
35.0,5.744180939541934,5.744260590005915,4.356302105079521,4.356495403245686
35.5,5.7220480736170884,5.722127034424682,4.375468749571155,4.375654455259417
36.0,5.700574581127455,5.700652806951348,4.39406098278414,4.394239429893062
36.5,5.679740647809808,5.679818098604494,4.412096586010307,4.412268088676079
37.0,5.659527080854446,5.659603721350432,4.429592704104834,4.429757558358348
37.5,5.639915285472796,5.639991084720976,4.446565880905268,4.446724366165266
38.0,5.620887242920446,5.620962173881761,4.463032091072705,4.463184471490625
38.5,5.602425489815857,5.602499528992043,4.479006768848137,4.479153294519008
39.0,5.584513098618288,5.584586225719481,4.494504834143072,4.494645742195512
39.5,5.567133659146521,5.567205856792476,4.509540716320089,4.509676231898143
40.0,5.550271261037835,5.550342514488902,4.524128375967848,4.52425871311523
40.5,5.533910477058953,5.533980773973848,4.538281324927652,4.538406687385295
41.0,5.5180363471930605,5.518105677410757,4.552012644793194,4.552133226718764
41.5,5.502634363436982,5.502702718780262,4.565335004070562,4.565450990688656
42.0,5.487690455251538,5.4877578293496025,4.578260674159708,4.578372242350008
42.5,5.4731909756143295,5.473257363742688,4.590801544294436,4.590908863124641
43.0,5.45912268763135,5.459188086567057,4.602969135558396,4.603072366768146
43.5,5.445472751668774,5.445537159559287,4.614774614078726,4.614873912519333
44.0,5.4322287129703,5.432292129214871,4.626228803482718,4.626324317518161
44.5,5.419378489730889,5.4194409148724585,4.637342196693055,4.6374340685661695
45.0,5.40691036159842,5.40697179722568,4.648124967125796,4.648213333293197
45.5,5.394812958580587,5.394873407238557,4.658586979345841,4.658671970785507
46.0,5.3830752503342865,5.383134715442999,4.668737799228893,4.668819541723031
46.5,5.371686535819094,5.3717450215989455,4.678586703671499,4.678665318067147
47.0,5.360636433296008,5.360693944699557,4.688142689885126,4.688218292335131
47.5,5.34991487065605,5.349971413305415,4.697414484306194,4.697487186492732
48.0,5.339512076063329,5.339567656193046,4.706410551150611,4.706480460492581
48.5,5.329418568900564,5.329473193304304,4.7151391006364065,4.715206320482699
49.0,5.319625151002242,5.319678826984133,4.723608096896555,4.72367272670661
49.5,5.310122898165389,5.310175633495203,4.731825265601742,4.731887401114085
50.0,5.300903151927287,5.300954954798637,4.7397981013085655,4.739857834699506
50.5,5.291957511599094,5.292008390590826,4.747533874550527,4.747591294583011
51.0,5.283277826546396,5.2833277905868945,4.755039638684309,4.755094830848068
51.5,5.274856188707929,5.274905247041969,4.762322236503735,4.762375283147797
52.0,5.266684925344293,5.266733087501892,4.769388306633232,4.769439287091192
52.5,5.258756592007558,5.258803867775463,4.776244289710917,4.776293280419446
53.0,5.251063965726075,5.251110365120695,4.782896434369945,4.782943508981693
53.5,5.243600038395357,5.243645571637945,4.789350803028469,4.78939603251871
54.0,5.2363580103699405,5.236402687863105,4.795613277493544,4.795656730262536
54.5,5.2293312842485875,5.229375116554352,4.801689564389562,4.801731306359308
55.0,5.222513458846549,5.222556456666205,4.807585200414906,4.8076252951221825
55.5,5.2158983233501885,5.21594049750495,4.813305557436081,4.813344066120712
56.0,5.209479851646449,5.209521213059677,4.818855847422697,4.818892829112673
56.5,5.203252196822916,5.20329275650343,4.824241127231801,4.824276638824004
57.0,5.197209685833172,5.19724945485917,4.829466303243862,4.8295003995821615
57.5,5.191346814320582,5.191385803825443,4.834536135858343,4.834568869807946
58.0,5.185658241598617,5.185696462756827,4.839455243851489,4.839486666370596
58.5,5.1801387857799455,5.180176249794412,4.8442281086022945,4.844258268810695
59.0,5.174783419052119,5.174820137141736,4.848859078189946,4.848888023435238
59.5,5.169587263093092,5.16962324648173,4.853352371368089,4.853380147289028
60.0,5.164545584624591,5.1645808445304,4.857712081418811,4.857738732006351
