time_s,observed_2 mm_rise_K,predicted_2 mm_rise_K,observed_4 mm_rise_K,predicted_4 mm_rise_K
0.5,0.4529326582668318,0.45418767339399546,0.07660836473098698,0.0703034963388452
1.0,1.0194156652706852,1.0218792622710478,0.37437657175627237,0.36984128591332616
1.5,1.538931126395937,1.5409182299424693,0.7731025094504389,0.7710269014114658
2.0,2.031557481684672,2.033200999592663,1.2033223234293473,1.2027012118923377
2.5,2.5072866214668466,2.5087449033995166,1.6400810914920498,1.6401819779340834
3.0,2.9706032159915594,2.97195995792809,2.0747036465813835,2.075131296312673
3.5,3.4237678975340486,3.425058398345681,2.5043078770222564,2.5048689936560353
4.0,3.8681033191687675,3.869339199304861,2.9280759643111196,2.9286792776043153
4.5,4.304499253763311,4.305682259305414,3.3459203129079356,3.346522757894507
5.0,4.733620844455231,4.734749377728737,3.7580027435955117,3.7585835627839015
5.5,5.156000934462497,5.157072829405722,4.164560633245912,4.165109525281476
6.0,5.572085091517977,5.573098656831058,4.565844494492808,4.566356281097599
6.5,5.982256096771039,5.983210417502867,4.962096339621439,4.962568541020841
7.0,6.386848773816553,6.387743718373019,5.3535430346098565,5.3539747236098565
7.5,6.78615982679753,6.78699595031156,5.7403951280726915,5.740786349543941
8.0,7.180454838321225,7.181233260043323,6.122847609743644,6.123199057459305
8.5,7.569973502724338,7.570695787052134,6.501081268298549,6.5013940857461785
9.0,7.9549336806977635,7.955601731794525,6.875264151028205,6.875539797259808
9.5,8.335534621272245,8.3361505934706,7.2455529451844995,7.24579309851568
10.0,8.711959570051079,8.712525793351825,7.6120942231840445,7.612300709279608
10.5,8.631445251912169,8.630709155812738,7.898417176458452,7.904896781863451
11.0,8.43353127334592,8.431541800924151,7.960099826742294,7.964780068907877
11.5,8.27888222581646,8.277326987859466,7.917466561861602,7.919659331571155
12.0,8.147557017636586,8.146305636137614,7.840097012395574,7.840809469574889
12.5,8.029692818276033,8.028589443324407,7.753056003546703,7.753022598809013
13.0,7.920926630490271,7.919890017081367,7.665123275837971,7.664741155019683
13.5,7.819112878487715,7.818110115880464,7.579280657021627,7.5787449760398005
14.0,7.7230380095028295,7.722059792256381,7.496441235092732,7.495845064399355
14.5,7.631915962833432,7.630962779535009,7.416783786757719,7.416171926852285
15.0,7.545180409590046,7.544256007476808,7.340233897363305,7.339628773098321
15.5,7.462392847345882,7.461501454118307,7.266638095933672,7.266051605815505
16.0,7.383197944441804,7.382343223831039,7.1958265173608424,7.195265365715528
16.5,7.307299372514592,7.3064841226067365,7.127634752167637,7.127102873705731
17.0,7.234445258657615,7.233671405715826,7.061910681939025,7.061410388350704
17.5,7.164418594223662,7.163687290843531,6.9985158191020105,6.998048380761952
18.0,7.097030454555522,7.096342204315519,6.937324699338376,6.936890670041683
18.5,7.032114958357852,7.031469737202619,6.878223659312198,6.877823077316779
19.0,6.969525384296446,6.968922748588439,6.821109499317458,6.820742023545244
19.5,6.909131101870003,6.908570280823276,6.765888212820528,6.76555322134102
20.0,6.850815100252987,6.850295073367886,6.712473842244663,6.712170506451712
20.5,6.794471970811628,6.793991531894988,6.660787472780214,6.660514814554871
21.0,6.7400062425881515,6.7395640521529,6.610756357902005,6.610513294170102
21.5,6.687330997842309,6.68692562561389,6.562313163968724,6.562098541588699
22.0,6.6363667132494015,6.635996672340962,6.5153953197695955,6.515207942851802
22.5,6.587040285126193,6.586704059257845,6.469944457310987,6.469783108548198
23.0,6.539284206160346,6.5389802711111855,6.425905931307625,6.425769388539753
23.5,6.493035867783647,6.492762708095013,6.38322840624204,6.383115455218502
24.0,6.448236967340449,6.447993089133249,6.341863501257137,6.341772945363108
24.5,6.404833003048054,6.40461694368047,6.301765484453654,6.301696152013686
25.0,6.3627728427577495,6.362583177930232,6.262891009341615,6.262841758993589
25.5,6.322008354921081,6.3218437037333794,6.225198887235365,6.225168611770235
26.0,6.282494092101842,6.282353120477234,6.1886498902840685,6.188637519271639
26.5,6.244187018947741,6.2440684417671015,6.153206580616029,6.1532110820727866
27.0,6.20704627783698,6.20694886006115,6.118833161744078,6.118853543050658
27.5,6.17103298648783,6.170955543495365,6.0854953489578065,6.085530657191885
28.0,6.1361100627165115,6.136051460039964,6.053160255918101,6.053209577736348
28.5,6.102242072277136,6.102201224885618,6.021796295088279,6.021858756264996
29.0,6.069395096347307,6.06937096759303,5.991373089994454,5.991447854701396
29.5,6.037536615751037,6.037528216073749,5.961861397606867,5.96194766750345
30.0,6.006635409456749,6.006641794920317,5.93323303939485,5.93333005258208
30.5,5.9766614652646695,5.976681735983739,5.905460839823661,5.905567869704611
31.0,5.947585900914419,5.947619199417037,5.8785185712469,5.878634925327932
31.5,5.919380894114283,5.9194264036748425,5.852380904306983,5.85250592296532
32.0,5.892019620219003,5.892076563188254,5.827023363087562,5.827156418325439
32.5,5.865476196476095,5.865543832628211,5.802422284374757,5.802562778576157
33.0,5.839725631922988,5.8398032568348315,5.7785547804808175,5.778702145182528
33.5,5.814743782157109,5.814830725629152,5.755398705165021,5.755552399850267
34.0,5.790507308313863,5.790602932841451,5.732932622254339,5.7330921331755755
34.5,5.766993639691634,5.76709733899003,5.711135776624928,5.711300615661035
35.0,5.744180939541934,5.744292137128764,5.689988067258014,5.690157770807286
35.5,5.7220480736170884,5.722166221453354,5.669470022120095,5.669644150032553
36.0,5.700574581127455,5.70069915831682,5.649562774659216,5.649740909208002
36.5,5.679740647809808,5.679871159356207,5.630248041734717,5.630429786627392
37.0,5.659527080854446,5.659663056476059,5.611508102825724,5.611693082255394
37.5,5.639915285472796,5.640056278471207,5.59332578038601,5.593513638120851
38.0,5.620887242920446,5.6210328291027105,5.575684421228289,5.575874819739944
38.5,5.602425489815857,5.602575266467477,5.558567878842155,5.558760498470069
39.0,5.584513098618288,5.584666683524608,5.541960496556442,5.54215503470868
39.5,5.567133659146521,5.567290689660705,5.525847091474361,5.526043261862818
40.0,5.550271261037835,5.550431393192706,5.510212939116286,5.510410471024813
40.5,5.533910477058953,5.534073384720566,5.495043758713791,5.495242396297904
41.0,5.5180363471930605,5.5182017212539805,5.480325699105265,5.480525200722645
41.5,5.502634363436982,5.502801911047274,5.466045325191089,5.466245462760982
42.0,5.487690455251538,5.48785989908516,5.452189604909677,5.452390163300012
42.5,5.4731909756143295,5.473362053169313,5.438745896700766,5.438946673141921
43.0,5.45912268763135,5.459295150561897,5.425701937426425,5.425902740950278
43.5,5.445472751668774,5.4456463651475095,5.413045830723036,5.413246481626165
44.0,5.4322287129703,5.432403255079465,5.4007660357606255,5.40096636509039
44.5,5.419378489730889,5.419553750880302,5.388851356387022,5.389051205450394
45.0,5.40691036159842,5.407086143969589,5.377290930640129,5.377490150532543
45.5,5.394812958580587,5.394989075595095,5.366074220607231,5.366272671762303
46.0,5.3830752503342865,5.383251526145705,5.355191002618085,5.355388554376288
46.5,5.371686535819094,5.371862804826668,5.344631357756214,5.344827887951549
47.0,5.360636433296008,5.36081253967953,5.334385662673867,5.334581057238634
47.5,5.34991487065605,5.35009066793071,5.324444580700117,5.324638733285962
48.0,5.339512076063329,5.339687426654017,5.3147990532287395,5.314991864843949
48.5,5.329418568900564,5.329593343733641,5.305440291376158,5.30563167003813
49.0,5.319625151002242,5.31979922911513,5.296359767898593,5.296549628301188
49.5,5.310122898165389,5.310296166332845,5.287549209359781,5.287737472554447
50.0,5.300903151927287,5.301075504303121,5.279000588539361,5.279187181629934
50.5,5.291957511599094,5.2921288493731105,5.270706117074269,5.270890972924562
51.0,5.283277826546396,5.28344805761591,5.262658238324889,5.262841295278528
51.5,5.274856188707929,5.275025227363097,5.254849620458003,5.255030822070297
52.0,5.266684925344293,5.266852691966338,5.247273149740067,5.247452444521018
52.5,5.258756592007558,5.258923012780158,5.239921924033126,5.2400992652014695
53.0,5.251063965726075,5.251228972358368,5.232789246487528,5.232964591734985
53.5,5.243600038395357,5.243763567857017,5.225868619424261,5.226041930690066
54.0,5.2363580103699405,5.236520004637051,5.219153738401815,5.219324981656637
54.5,5.2293312842485875,5.2294916900602075,5.2126384864608895,5.212807631500192
55.0,5.222513458846549,5.222672227471887,5.206316928542435,5.2064839487882075
55.5,5.2158983233501885,5.2160554103650805,5.200183306071949,5.2003481783835195
56.0,5.209479851646449,5.209635216719596,5.1942320317069175,5.194394736199465
56.5,5.203252196822916,5.203405803511109,5.18845768424103,5.188618204111821
57.0,5.197209685833172,5.197361501384733,5.182855003659881,5.183013325022747
57.5,5.191346814320582,5.19149680948801,5.177418886345947,5.17757499807207
58.0,5.185658241598617,5.185806390458421,5.1721443804253795,5.172298273991449
58.5,5.1801387857799455,5.180285065560666,5.167026681254129,5.167178350597072
59.0,5.174783419052119,5.174927809969137,5.1620611270388395,5.16221056841671
59.5,5.169587263093092,5.169729748191162,5.157243194587409,5.157390406447057
60.0,5.164545584624591,5.164686149626753,5.152568495187893,5.15271347803743
