time_s,imposed_flux_W_m2,predicted_flux_W_m2,normalized_flux_error
0.01,10000.0,313.81753268549704,-0.9686182467314502
0.0198989898989899,10000.0,632.3103090946591,-0.9367689690905341
0.029797979797979796,10000.0,957.6137926865578,-0.9042386207313442
0.039696969696969696,10000.0,1288.7392700410392,-0.8711260729958961
0.049595959595959596,10000.0,1624.7033004806044,-0.8375296699519396
0.059494949494949496,10000.0,1964.530557465439,-0.8035469442534561
0.06939393939393938,10000.0,2307.25671613306,-0.7692743283866941
0.07929292929292929,10000.0,2651.931362013038,-0.7348068637986962
0.08919191919191918,10000.0,2997.6208956631767,-0.7002379104336823
0.09909090909090908,10000.0,3343.4114079738574,-0.6656588592026143
0.10898989898989898,10000.0,3688.411501177187,-0.6311588498822813
0.11888888888888888,10000.0,4031.755031179286,-0.5968244968820714
0.12878787878787878,10000.0,4372.603747700165,-0.5627396252299834
0.1386868686868687,10000.0,4710.149809847109,-0.5289850190152892
0.1485858585858586,10000.0,5043.618156148687,-0.4956381843851313
0.15848484848484848,10000.0,5372.268709716931,-0.4627731290283069
0.16838383838383839,10000.0,5695.398401059801,-0.43046015989402
0.1782828282828283,10000.0,6012.342993108062,-0.3987657006891938
0.18818181818181817,10000.0,6322.478695216747,-0.36775213047832533
0.19808080808080808,10000.0,6625.223555218619,-0.3374776444781381
0.207979797979798,10000.0,6920.038621010763,-0.30799613789892377
0.21787878787878787,10000.0,7206.428865607152,-0.2793571134392848
0.22777777777777777,10000.0,7483.943872055411,-0.2516056127944589
0.23767676767676768,10000.0,7752.178277058697,-0.22478217229413033
0.24757575757575756,10000.0,8010.771974527842,-0.19892280254721584
0.25747474747474747,10000.0,8259.41008258529,-0.1740589917414711
0.2673737373737374,10000.0,8497.822679718432,-0.1502177320281567
0.2772727272727273,10000.0,8725.78431781106,-0.12742156821889405
0.2871717171717172,10000.0,8943.113321644369,-0.10568866783556308
0.29707070707070704,10000.0,9149.670886134512,-0.08503291138654878
0.30696969696969695,10000.0,9345.359984046534,-0.0654640015953466
0.31686868686868686,10000.0,9530.124098185312,-0.04698759018146881
0.32676767676767676,10000.0,9703.945793104098,-0.029605420689590156
0.33666666666666667,10000.0,9866.845142190336,-0.013315485780966418
0.3465656565656566,10000.0,10018.878026585087,0.0018878026585087415
0.3564646464646465,10000.0,10160.134322773989,0.01601343227739882
0.36636363636363634,10000.0,10290.735995860325,0.029073599586032506
0.37626262626262624,10000.0,10410.835115505588,0.04108351155055878
0.38616161616161615,10000.0,10520.611811314366,0.05206118113143665
0.39606060606060606,10000.0,10620.272184061725,0.062027218406172535
0.40595959595959596,10000.0,10710.046188630677,0.07100461886306775
0.41585858585858587,10000.0,10790.185503861912,0.07901855038619132
0.4257575757575757,10000.0,10860.961403737068,0.08609614037370683
0.43565656565656563,10000.0,10922.662643437092,0.0922662643437091
0.44555555555555554,10000.0,10975.593372860842,0.09755933728608412
0.45545454545454545,10000.0,11020.07108917076,0.10200710891707598
0.46535353535353535,10000.0,11056.424638871189,0.10564246388711895
0.47525252525252526,10000.0,11084.992278839525,0.1084992278839525
0.4851515151515151,10000.0,11106.119804630074,0.11061198046300746
0.495050505050505,10000.0,11120.158753278212,0.11201587532782131
0.5049494949494949,10000.0,11127.464686752384,0.11274646867523841
0.5148484848484849,10000.0,11128.395561150566,0.11283955611505658
0.5247474747474747,10000.0,11123.310185723441,0.11233101857234407
0.5346464646464646,10000.0,11112.56677483747,0.11125667748374712
0.5445454545454546,10000.0,11096.521595073646,0.10965215950736451
0.5544444444444444,10000.0,11075.527708797781,0.1075527708797781
0.5643434343434344,10000.0,11049.933814740498,0.1049933814740498
0.5742424242424242,10000.0,11020.08318538986,0.10200831853898595
0.5841414141414141,10000.0,10986.312700330514,0.09863127003305139
0.594040404040404,10000.0,10948.951974063064,0.09489519740630636
0.6039393939393939,10000.0,10908.322576298506,0.09083225762985059
0.6138383838383838,10000.0,10864.737342252498,0.08647373422524973
0.6237373737373737,10000.0,10818.499770056458,0.08184997700564578
0.6336363636363637,10000.0,10769.903502053763,0.07699035020537637
0.6435353535353535,10000.0,10719.231886460824,0.07192318864608249
0.6534343434343434,10000.0,10666.757615637995,0.0666757615637994
0.6633333333333333,10000.0,10612.74243703104,0.06127424370310397
0.6732323232323232,10000.0,10557.436932710048,0.055743693271004924
0.6831313131313131,10000.0,10501.080363339608,0.05010803633396077
0.693030303030303,10000.0,10443.900572362723,0.04439005723627232
0.702929292929293,10000.0,10386.113946167632,0.03861139461676322
0.7128282828282828,10000.0,10327.9254260229,0.03279254260229014
0.7227272727272727,10000.0,10269.528567613117,0.02695285676131176
0.7326262626262626,10000.0,10211.105644081708,0.02111056440817083
0.7425252525252525,10000.0,10152.827788580711,0.015282778858071167
0.7524242424242424,10000.0,10094.855172441328,0.009485517244132824
0.7623232323232323,10000.0,10037.337215210662,0.0037337215210662134
0.7722222222222221,10000.0,9980.41282294245,-0.001958717705755064
0.7821212121212121,10000.0,9924.210651283394,-0.007578934871660503
0.792020202020202,10000.0,9868.849390061794,-0.013115060993820538
0.8019191919191919,10000.0,9814.438066251525,-0.018556193374847485
0.8118181818181818,10000.0,9761.076362359823,-0.0238923637640176
0.8217171717171717,10000.0,9708.854947462401,-0.029114505253759915
0.8316161616161616,10000.0,9657.855818286978,-0.03421441817130222
0.8415151515151514,10000.0,9608.152647921226,-0.039184735207877464
0.8514141414141414,10000.0,9559.811139898833,-0.04401888601011661
0.8613131313131313,10000.0,9512.88938558568,-0.04871106144143189
0.8712121212121212,10000.0,9467.43822295974,-0.05325617770402602
0.8811111111111111,10000.0,9423.501595040292,-0.05764984049597077
0.891010101010101,10000.0,9381.116906380235,-0.061888309361976424
0.9009090909090909,10000.0,9340.315376190189,-0.06596846238098109
0.9108080808080807,10000.0,9301.122386807516,-0.06988776131924845
0.9207070707070707,10000.0,9263.557826364373,-0.07364421736356275
0.9306060606060605,10000.0,9227.63642464303,-0.07723635753569702
0.9405050505050505,10000.0,9193.36808123141,-0.08066319187685889
0.9504040404040404,10000.0,9160.758185212522,-0.0839241814787477
0.9603030303030302,10000.0,9129.807925732535,-0.0870192074267464
0.9702020202020202,10000.0,9100.514592898235,-0.08994854071017655
0.98010101010101,10000.0,9072.87186855124,-0.09271281314487612
0.99,10000.0,9046.870106558847,-0.09531298934411525
1.0,10000.0,9022.25623404271,-0.09777437659572896
1.0603355704697988,10000.0,8907.920227021305,-0.10920797729786957
1.1206711409395973,10000.0,8848.089209722224,-0.11519107902777759
1.181006711409396,10000.0,8835.791565518715,-0.11642084344812853
1.2413422818791946,10000.0,8863.43360778492,-0.11365663922150793
1.3016778523489934,10000.0,8923.59140713032,-0.1076408592869681
1.362013422818792,10000.0,9009.463155468326,-0.09905368445316753
1.4223489932885907,10000.0,9115.080285596716,-0.0884919714403285
1.4826845637583892,10000.0,9235.360291736768,-0.07646397082632317
1.543020134228188,10000.0,9366.065131454374,-0.0633934868545627
1.6033557046979867,10000.0,9503.710806765142,-0.049628919323485676
1.6636912751677853,10000.0,9645.45837488088,-0.03545416251191191
1.7240268456375838,10000.0,9789.004858049502,-0.02109951419504974
1.7843624161073826,10000.0,9932.484106295058,-0.006751589370494249
1.8446979865771813,10000.0,10074.382046999417,0.0074382046999417195
1.9050335570469799,10000.0,10213.46726924432,0.02134672692443207
1.9653691275167784,10000.0,10348.735927600985,0.03487359276009849
2.025704697986577,10000.0,10479.369008416714,0.04793690084167146
2.086040268456376,10000.0,10604.699701643294,0.06046997016432942
2.1463758389261747,10000.0,10724.188692129097,0.07241886921290974
2.2067114093959734,10000.0,10837.405443700174,0.08374054437001743
2.2670469798657717,10000.0,10944.013881488834,0.09440138814888344
2.3273825503355705,10000.0,11043.761214415596,0.1043761214415595
2.387718120805369,10000.0,11136.468944111388,0.11364689441113884
2.4480536912751676,10000.0,11222.025363063076,0.12220253630630751
2.5083892617449663,10000.0,11300.37904995929,0.13003790499592904
2.568724832214765,10000.0,11371.53302753232,0.1371533027532319
2.629060402684564,10000.0,11435.539364323377,0.14355393643233771
2.6893959731543626,10000.0,11492.494084460153,0.14924940844601542
2.749731543624161,10000.0,11542.53230622764,0.15425323062276397
2.8100671140939597,10000.0,11585.8235675564,0.15858235675563992
2.870402684563758,10000.0,11622.56732003437,0.16225673200343693
2.930738255033557,10000.0,11652.988587006588,0.16529885870065875
2.9910738255033555,10000.0,11677.333789024056,0.16773337890240558
3.0514093959731543,10000.0,11695.866743708453,0.1695866743708454
3.111744966442953,10000.0,11708.864848638168,0.17088648486381675
3.172080536912752,10000.0,11716.615456197627,0.17166154561976277
3.23241610738255,10000.0,11719.412449106681,0.1719412449106681
3.292751677852349,10000.0,11717.55302490628,0.17175530249062798
3.3530872483221477,10000.0,11711.334697170101,0.17113346971701016
3.4134228187919464,10000.0,11701.052520669244,0.1701052520669244
3.4737583892617447,10000.0,11686.996547104878,0.16869965471048776
3.5340939597315435,10000.0,11669.449517285944,0.16694495172859436
3.5944295302013423,10000.0,11648.68479470775,0.16486847947077488
3.654765100671141,10000.0,11624.964544347138,0.16249645443471383
3.7151006711409393,10000.0,11598.538159111544,0.15985381591115444
3.775436241610738,10000.0,11569.640934776184,0.15696409347761842
3.835771812080537,10000.0,11538.492992442025,0.15384929924420243
3.8961073825503356,10000.0,11505.29844560131,0.15052984456013085
3.9564429530201344,10000.0,11470.244806861589,0.14702448068615892
4.016778523489933,10000.0,11433.502627324717,0.14335026273247164
4.0771140939597315,10000.0,11395.225359605001,0.13952253596050013
4.13744966442953,10000.0,11355.549433568973,0.13555494335689722
4.197785234899329,10000.0,11314.594532136674,0.13145945321366748
4.258120805369128,10000.0,11272.464052951329,0.12724640529513298
4.318456375838926,10000.0,11229.245740430906,0.12292457404309065
4.378791946308725,10000.0,11185.012471685543,0.11850124716855426
4.439127516778523,10000.0,11139.823179031206,0.11398231790312052
4.499463087248322,10000.0,11093.72389134984,0.10937238913498404
4.559798657718121,10000.0,11046.74887633731,0.1046748876337309
4.620134228187919,10000.0,10998.921865720857,0.09989218657208565
4.680469798657718,10000.0,10950.257345802633,0.0950257345802632
4.740805369127516,10000.0,10900.761896165122,0.09007618961651231
4.801140939597316,10000.0,10850.435560033417,0.08504355600334157
4.861476510067114,10000.0,10799.273230596134,0.07992732305961336
4.921812080536913,10000.0,10747.266038514483,0.07472660385144825
4.982147651006711,10000.0,10694.40272686602,0.06944027268660191
5.04248322147651,10000.0,10640.67100084973,0.06406710008497307
5.102818791946309,10000.0,10586.058840696262,0.05860588406962619
5.163154362416107,10000.0,10530.555767356058,0.05305557673560579
5.223489932885906,10000.0,10474.154051659309,0.04741540516593079
5.283825503355705,10000.0,10416.8498587329,0.04168498587328995
5.344161073825504,10000.0,10358.644320506453,0.03586443205064538
5.4044966442953015,10000.0,10299.544530123161,0.02995445301231614
5.4648322147651,10000.0,10239.564452982626,0.023956445298262574
5.525167785234899,10000.0,10178.7257499658,0.017872574996580015
5.585503355704698,10000.0,10117.058509120041,0.011705850912004045
5.645838926174497,10000.0,10054.601882705645,0.005460188270564492
5.706174496644295,10000.0,9991.404627016125,-0.0008595372983873917
5.766510067114094,10000.0,9927.525542779867,-0.0072474457220131905
5.826845637583893,10000.0,9863.03381422575,-0.01369661857742499
5.887181208053692,10000.0,9798.009245049749,-0.0201990754950252
5.9475167785234895,10000.0,9732.542389554197,-0.026745761044580263
6.007852348993288,10000.0,9666.73457715384,-0.033326542284615956
6.068187919463087,10000.0,9600.697828258653,-0.0399302171741347
6.128523489932886,10000.0,9534.554659272477,-0.046544534072752386
6.1888590604026845,10000.0,9468.437774107291,-0.053156222589270885
6.249194630872483,10000.0,9402.489639239087,-0.059751036076091224
6.309530201342282,10000.0,9336.861938964317,-0.0663138061035683
6.369865771812081,10000.0,9271.71490721313,-0.07282850927868689
6.430201342281879,10000.0,9207.216532109755,-0.07927834678902446
6.490536912751677,10000.0,9143.541629537918,-0.0856458370462082
6.550872483221476,10000.0,9080.870782387707,-0.09191292176122934
6.611208053691275,10000.0,9019.389143080718,-0.09806108569192828
6.671543624161074,10000.0,8959.285098574184,-0.10407149014258155
6.7318791946308725,10000.0,8900.748799553858,-0.1099251200446143
6.792214765100671,10000.0,8843.970559201744,-0.11560294407982563
6.85255033557047,10000.0,8789.139132074344,-0.1210860867925656
6.912885906040269,10000.0,8736.439890596454,-0.12635601094035465
6.973221476510067,10000.0,8686.052925849797,-0.13139470741502024
7.033557046979865,10000.0,8638.151111119118,-0.13618488888808833
7.093892617449664,10000.0,8592.898181460134,-0.14071018185398665
7.154228187919463,10000.0,8550.446900742098,-0.1449553099257903
7.214563758389262,10000.0,8510.937409474662,-0.14890625905253385
7.27489932885906,10000.0,8474.495872361204,-0.1525504127638796
7.335234899328859,10000.0,8441.233573763873,-0.15587664262361267
7.395570469798658,10000.0,8411.246641528365,-0.1588753358471634
7.455906040268456,10000.0,8384.616613707285,-0.16153833862927158
7.516241610738255,10000.0,8361.41209662202,-0.16385879033779804
7.576577181208053,10000.0,8341.691793299591,-0.16583082067004096
7.636912751677852,10000.0,8325.509204128339,-0.16744907958716604
7.697248322147651,10000.0,8312.919310423045,-0.1687080689576954
7.75758389261745,10000.0,8303.987538379564,-0.16960124616204353
7.817919463087248,10000.0,8298.801255429142,-0.17011987445708576
7.878255033557047,10000.0,8297.483960983405,-0.1702516039016594
7.938590604026846,10000.0,8300.21218491933,-0.169978781508067
7.998926174496644,10000.0,8307.23488473908,-0.16927651152609202
8.059261744966442,10000.0,8318.894821210697,-0.16811051787893028
8.119597315436241,10000.0,8335.650979665745,-0.16643490203342548
8.179932885906041,10000.0,8358.100582109284,-0.16418994178907165
8.240268456375839,10000.0,8386.998604398506,-0.16130013956014944
8.300604026845637,10000.0,8423.271986073407,-0.15767280139265938
8.360939597315436,10000.0,8468.024928257293,-0.15319750717427072
8.421275167785236,10000.0,8522.530869434182,-0.14774691305658172
8.481610738255032,10000.0,8588.205987700812,-0.1411794012299188
8.541946308724832,10000.0,8666.558507857148,-0.13334414921428517
8.602281879194631,10000.0,8759.10782907019,-0.12408921709298104
8.66261744966443,10000.0,8867.267699901175,-0.11327323000988254
8.722953020134227,10000.0,8992.188545074288,-0.10078114549257111
8.783288590604027,10000.0,9134.555806955937,-0.08654441930440626
8.843624161073826,10000.0,9294.344031756433,-0.0705655968243567
8.903959731543624,10000.0,9470.530631225814,-0.05294693687741858
8.964295302013422,10000.0,9660.778980728363,-0.03392210192716383
9.024630872483222,10000.0,9861.107890700807,-0.013889210929919349
9.08496644295302,10000.0,10065.57346463821,0.00655734646382089
9.14530201342282,10000.0,10265.999594370445,0.026599959437044518
9.205637583892617,10000.0,10451.804031499641,0.04518040314996408
9.265973154362415,10000.0,10609.97661579033,0.06099766157903308
9.326308724832215,10000.0,10725.272460894927,0.07252724608949257
9.386644295302013,10000.0,10780.682368522794,0.07806823685227937
9.446979865771812,10000.0,10758.231396393889,0.07582313963938891
9.50731543624161,10000.0,10640.13021228367,0.06401302122836694
9.56765100671141,10000.0,10410.259730276623,0.04102597302766231
9.627986577181208,10000.0,10055.907793500737,0.0055907793500737935
9.688322147651007,10000.0,9569.602913739054,-0.04303970862609452
9.748657718120805,10000.0,8950.81685821442,-0.1049183141785579
9.808993288590603,10000.0,8207.254616877202,-0.17927453831227969
9.869328859060403,10000.0,7355.440112026358,-0.2644559887973642
9.9296644295302,10000.0,6420.358904391213,-0.35796410956087865
9.99,10000.0,5434.042588544034,-0.45659574114559665
10.01,0.0,5102.005733603906,0.5102005733603906
10.210763052208835,0.0,1982.0090969581508,0.19820090969581508
10.411526104417671,0.0,-27.487868717500216,-0.0027487868717500216
10.612289156626506,0.0,-658.1383901109072,-0.06581383901109071
10.813052208835341,0.0,-409.853378112946,-0.040985337811294605
11.013815261044176,0.0,102.51579156894807,0.010251579156894808
11.214578313253012,0.0,523.9585202867656,0.05239585202867656
11.415341365461847,0.0,752.7910162151359,0.07527910162151359
11.616104417670682,0.0,815.0218426344431,0.08150218426344431
11.816867469879519,0.0,771.5707718024547,0.07715707718024548
12.017630522088353,0.0,677.0738033203792,0.06770738033203792
12.218393574297188,0.0,569.0132711149741,0.05690132711149742
12.419156626506023,0.0,469.02460735071094,0.046902460735071094
12.61991967871486,0.0,387.3329560033408,0.03873329560033408
12.820682730923695,0.0,326.94164621113805,0.032694164621113804
13.021445783132531,0.0,286.7210318195287,0.028672103181952874
13.222208835341366,0.0,263.4456602352256,0.02634456602352256
13.4229718875502,0.0,253.0519513121007,0.02530519513121007
13.623734939759036,0.0,251.3785125427972,0.02513785125427972
13.824497991967872,0.0,254.5827199079213,0.02545827199079213
14.025261044176707,0.0,259.3607267424,0.025936072674239998
14.226024096385542,0.0,263.0487881468291,0.02630487881468291
14.426787148594379,0.0,263.6513244522698,0.026365132445226983
14.627550200803213,0.0,259.82134657072294,0.025982134657072296
14.828313253012048,0.0,250.80778669582293,0.025080778669582294
15.029076305220883,0.0,236.3789564264843,0.02363789564264843
15.229839357429718,0.0,216.72956348853728,0.021672956348853727
15.430602409638555,0.0,192.378677100433,0.0192378677100433
15.631365461847391,0.0,164.066347830104,0.0164066347830104
15.832128514056226,0.0,132.6563468045189,0.01326563468045189
16.03289156626506,0.0,99.05132380612395,0.009905132380612395
16.233654618473896,0.0,64.12471002794489,0.006412471002794488
16.43441767068273,0.0,28.671324338886606,0.0028671324338886608
16.63518072289157,0.0,-6.62362791038123,-0.000662362791038123
16.835943775100404,0.0,-41.19926057234592,-0.004119926057234592
17.03670682730924,0.0,-74.62062048518536,-0.007462062048518535
17.237469879518073,0.0,-106.57083438133701,-0.0106570834381337
17.43823293172691,0.0,-136.83727851351028,-0.013683727851351028
17.638995983935743,0.0,-165.29475791030302,-0.016529475791030302
17.839759036144578,0.0,-191.888001882057,-0.0191888001882057
18.040522088353413,0.0,-216.61507648785647,-0.021661507648785647
18.241285140562248,0.0,-239.5126833331236,-0.023951268333312358
18.442048192771082,0.0,-260.6438082855406,-0.02606438082855406
18.64281124497992,0.0,-280.0878166095165,-0.028008781660951648
18.843574297188756,0.0,-297.932851522276,-0.029793285152227598
19.04433734939759,0.0,-314.2702579112607,-0.03142702579112607
19.24510040160643,0.0,-329.190695046578,-0.032919069504657804
19.445863453815264,0.0,-342.7815965283383,-0.03427815965283383
19.6466265060241,0.0,-355.125661820218,-0.0355125661820218
19.847389558232933,0.0,-366.3001061054208,-0.03663001061054208
20.048152610441768,0.0,-376.3764432403028,-0.03763764432403028
20.248915662650603,0.0,-385.42062360606303,-0.038542062360606304
20.449678714859438,0.0,-393.49339096156956,-0.039349339096156954
20.650441767068273,0.0,-400.6507583228995,-0.04006507583228995
20.851204819277108,0.0,-406.94453209149015,-0.040694453209149016
21.051967871485942,0.0,-412.4228365384617,-0.04124228365384617
21.25273092369478,0.0,-417.1306081220405,-0.04171306081220405
21.453493975903616,0.0,-421.1100418958786,-0.04211100418958786
21.65425702811245,0.0,-424.400981372544,-0.0424400981372544
21.85502008032129,0.0,-427.0412494615308,-0.04270412494615308
22.055783132530124,0.0,-429.06692220452504,-0.04290669222045251
22.25654618473896,0.0,-430.5125495524201,-0.043051254955242015
22.457309236947793,0.0,-431.41132881833175,-0.043141132881833175
22.658072289156628,0.0,-431.7952370444239,-0.04317952370444239
22.858835341365463,0.0,-431.6951285960858,-0.04316951285960858
23.059598393574298,0.0,-431.14080403517926,-0.043114080403517926
23.260361445783133,0.0,-430.1610558602057,-0.04301610558602057
23.461124497991968,0.0,-428.7836961312036,-0.04287836961312036
23.661887550200802,0.0,-427.03557038484786,-0.04270355703848479
23.862650602409637,0.0,-424.94256163409136,-0.042494256163409135
24.063413654618476,0.0,-422.529587662963,-0.042252958766296304
24.26417670682731,0.0,-419.82059428656163,-0.04198205942865616
24.464939759036145,0.0,-416.83854675686626,-0.041683854675686624
24.665702811244984,0.0,-413.60542105972337,-0.041360542105972335
24.86646586345382,0.0,-410.14219646637724,-0.04101421964663773
25.067228915662653,0.0,-406.46885037249996,-0.040646885037249995
25.267991967871488,0.0,-402.60435617438895,-0.040260435617438896
25.468755020080323,0.0,-398.56668469236155,-0.039856668469236155
25.669518072289158,0.0,-394.37280945063674,-0.03943728094506367
25.870281124497993,0.0,-390.03871595704817,-0.039003871595704814
26.071044176706827,0.0,-385.5794149903284,-0.03855794149903284
26.271807228915662,0.0,-381.00895979443885,-0.03810089597944388
26.472570281124497,0.0,-376.340466993622,-0.0376340466993622
26.673333333333332,0.0,-371.5861409769453,-0.037158614097694526
26.874096385542167,0.0,-366.7573014527927,-0.03667573014527927
27.07485943775101,0.0,-361.8644138404369,-0.03618644138404369
27.275622489959844,0.0,-356.91712214467606,-0.035691712214467604
27.47638554216868,0.0,-351.92428394887304,-0.0351924283948873
27.677148594377513,0.0,-346.89400715944834,-0.03468940071594483
27.877911646586348,0.0,-341.83368813972464,-0.034183368813972465
28.078674698795183,0.0,-336.7500508813693,-0.03367500508813693
28.279437751004018,0.0,-331.64918687660145,-0.033164918687660146
28.480200803212853,0.0,-326.53659537231823,-0.03265365953723182
28.680963855421687,0.0,-321.4172237081714,-0.03214172237081714
28.881726907630522,0.0,-316.2955074628566,-0.031629550746285665
29.082489959839357,0.0,-311.17541015635226,-0.031117541015635224
29.283253012048192,0.0,-306.06046227993215,-0.030606046227993216
29.484016064257027,0.0,-300.9537994496611,-0.03009537994496611
29.68477911646587,0.0,-295.85819950298134,-0.029585819950298135
29.885542168674704,0.0,-290.77611838103974,-0.02907761183810397
30.08630522088354,0.0,-285.7097246619451,-0.028570972466194507
30.287068273092373,0.0,-280.66093263118387,-0.02806609326311839
30.487831325301208,0.0,-275.6314337959202,-0.027563143379592023
30.688594377510043,0.0,-270.6227267686842,-0.027062272676868417
30.889357429718878,0.0,-265.6361454636894,-0.02656361454636894
31.090120481927713,0.0,-260.67288556543787,-0.026067288556543784
31.290883534136547,0.0,-255.73402924425102,-0.0255734029244251
31.491646586345382,0.0,-250.82056810724345,-0.025082056810724344
31.692409638554217,0.0,-245.933424385549,-0.024593342438554898
31.893172690763052,0.0,-241.0734703701448,-0.02410734703701448
32.09393574297189,0.0,-236.2415461184617,-0.023624154611846172
32.29469879518072,0.0,-231.43847546308086,-0.023143847546308088
32.495461847389564,0.0,-226.665080361759,-0.0226665080361759
32.6962248995984,0.0,-221.9221936348102,-0.022192219363481022
32.89698795180723,0.0,-217.21067014207426,-0.021721067014207427
33.09775100401607,0.0,-212.5313964566895,-0.02125313964566895
33.2985140562249,0.0,-207.88529909728973,-0.020788529909728973
33.49927710843374,0.0,-203.2733513838631,-0.020327335138386308
33.70004016064257,0.0,-198.69657898537284,-0.019869657898537285
33.90080321285141,0.0,-194.15606422959212,-0.01941560642295921
34.10156626506024,0.0,-189.65294924721067,-0.018965294924721068
34.30232931726908,0.0,-185.1884380235269,-0.01851884380235269
34.50309236947791,0.0,-180.76379743165833,-0.018076379743165834
34.70385542168675,0.0,-176.3803573214175,-0.01763803573214175
34.90461847389558,0.0,-172.03950973781878,-0.017203950973781877
35.10538152610442,0.0,-167.74270734262942,-0.016774270734262943
35.30614457831326,0.0,-163.49146111133933,-0.016349146111133934
35.50690763052209,0.0,-159.28733737679886,-0.015928733737679886
35.70767068273093,0.0,-155.13195428913497,-0.015513195428913497
35.90843373493976,0.0,-151.0269777598283,-0.01510269777598283
36.1091967871486,0.0,-146.97411695566015,-0.014697411695566015
36.30995983935743,0.0,-142.97511940608717,-0.014297511940608717
36.51072289156627,0.0,-139.03176578507203,-0.013903176578507202
36.7114859437751,0.0,-135.14586442581972,-0.013514586442581971
36.91224899598394,0.0,-131.3192456239989,-0.013131924562399892
37.11301204819277,0.0,-127.5537557822164,-0.01275537557822164
37.31377510040161,0.0,-123.85125144550872,-0.012385125144550872
37.51453815261044,0.0,-120.2135932744673,-0.01202135932744673
37.715301204819276,0.0,-116.64263999950175,-0.011664263999950176
37.91606425702812,0.0,-113.14024239662326,-0.011314024239662327
38.11682730923695,0.0,-109.70823732186497,-0.010970823732186497
38.31759036144579,0.0,-106.34844183833725,-0.010634844183833725
38.51835341365462,0.0,-103.0626474667013,-0.010306264746670131
38.71911646586346,0.0,-99.85261458675929,-0.00998526145867593
38.91987951807229,0.0,-96.72006701487881,-0.00967200670148788
39.12064257028113,0.0,-93.66668677881013,-0.009366668677881013
39.32140562248996,0.0,-90.69410910884838,-0.009069410910884838
39.5221686746988,0.0,-87.80391766124154,-0.008780391766124154
39.72293172690763,0.0,-84.997639987383,-0.008499763998738299
39.92369477911647,0.0,-82.2767432595693,-0.00822767432595693
40.1244578313253,0.0,-79.64263026189926,-0.007964263026189926
40.325220883534136,0.0,-77.09663565266146,-0.007709663565266147
40.52598393574298,0.0,-74.64002250235252,-0.007464002250235253
40.72674698795181,0.0,-72.27397910980798,-0.007227397910980799
40.92751004016065,0.0,-69.99961609689487,-0.006999961609689486
41.12827309236948,0.0,-67.81796378100304,-0.006781796378100305
41.32903614457832,0.0,-65.72996982270405,-0.006572996982270405
41.52979919678715,0.0,-63.73649714514699,-0.0063736497145146995
41.73056224899599,0.0,-61.838322120294904,-0.0061838322120294905
41.93132530120482,0.0,-60.036133016376944,-0.0060036133016376945
42.13208835341366,0.0,-58.33052869999313,-0.005833052869999313
42.33285140562249,0.0,-56.72201758568869,-0.005672201758568869
42.53361445783133,0.0,-55.2110168252842,-0.00552110168252842
42.73437751004016,0.0,-53.79785172863875,-0.005379785172863875
42.935140562248996,0.0,-52.482755407559154,-0.005248275540755915
43.13590361445783,0.0,-51.265868633889376,-0.005126586863388937
43.336666666666666,0.0,-50.14723990304261,-0.005014723990304261
43.5374297188755,0.0,-49.126825694001305,-0.00491268256940013
43.738192771084336,0.0,-48.20449091683938,-0.004820449091683938
43.93895582329318,0.0,-47.380009538870986,-0.004738000953887099
44.13971887550201,0.0,-46.653065380810396,-0.00466530653808104
44.34048192771085,0.0,-46.02325307420624,-0.004602325307420624
44.54124497991968,0.0,-45.49007917183705,-0.004549007917183706
44.74200803212852,0.0,-45.052963402907444,-0.004505296340290744
44.94277108433735,0.0,-44.711240065043164,-0.004471124006504316
45.14353413654619,0.0,-44.464159545473905,-0.00444641595454739
45.34429718875502,0.0,-44.31088996391857,-0.004431088996391857
45.545060240963856,0.0,-44.25051893000103,-0.004425051893000103
45.74582329317269,0.0,-44.28205540830306,-0.004428205540830306
45.946586345381526,0.0,-44.40443168430108,-0.004440443168430108
46.14734939759036,0.0,-44.61650542484131,-0.004461650542484131
46.348112449799196,0.0,-44.91706182680624,-0.004491706182680624
46.54887550200804,0.0,-45.30481584809548,-0.004530481584809548
46.74963855421687,0.0,-45.77841451492775,-0.0045778414514927755
46.95040160642571,0.0,-46.33643929997229,-0.004633643929997229
47.15116465863454,0.0,-46.977408565712174,-0.004697740856571217
47.35192771084338,0.0,-47.699780067677764,-0.004769978006767777
47.55269076305221,0.0,-48.5019535124528,-0.00485019535124528
47.75345381526105,0.0,-49.38227316510993,-0.004938227316510993
47.95421686746988,0.0,-50.33903050127797,-0.005033903050127797
48.154979919678716,0.0,-51.37046689872622,-0.005137046689872622
48.35574297188755,0.0,-52.47477636368805,-0.005247477636368805
48.556506024096386,0.0,-53.650108287003825,-0.0053650108287003825
48.75726907630522,0.0,-54.89457022547535,-0.005489457022547535
48.958032128514056,0.0,-56.206230703477196,-0.00562062307034772
49.15879518072289,0.0,-57.58312203037812,-0.005758312203037812
49.35955823293173,0.0,-59.02324312889406,-0.005902324312889406
49.56032128514057,0.0,-60.524562369928645,-0.006052456236992865
49.7610843373494,0.0,-62.08502040918423,-0.0062085020409184235
49.96184738955824,0.0,-63.70253302105899,-0.006370253302105899
50.16261044176707,0.0,-65.3749939252315,-0.006537499392523149
50.36337349397591,0.0,-67.10027760160376,-0.006710027760160377
50.56413654618474,0.0,-68.87624208896501,-0.006887624208896501
50.764899598393576,0.0,-70.70073176313842,-0.0070700731763138425
50.96566265060241,0.0,-72.57158009029895,-0.0072571580090298946
51.166425702811246,0.0,-74.48661235107195,-0.0074486612351071955
51.36718875502008,0.0,-76.44364833144188,-0.007644364833144187
51.567951807228916,0.0,-78.44050497623402,-0.007844050497623403
51.76871485943775,0.0,-80.47499900125334,-0.008047499900125333
51.96947791164659,0.0,-82.54494946019706,-0.008254494946019706
52.17024096385543,0.0,-84.64818026259815,-0.008464818026259814
52.37100401606426,0.0,-86.78252263918336,-0.008678252263918336
52.5717670682731,0.0,-88.94581755113278,-0.008894581755113278
52.77253012048193,0.0,-91.13591803990735,-0.009113591803990736
52.97329317269077,0.0,-93.35069151456425,-0.009335069151456425
53.1740562248996,0.0,-95.58802197342744,-0.009558802197342744
53.374819277108436,0.0,-97.84581215739331,-0.009784581215739331
53.57558232931727,0.0,-100.12198563218881,-0.010012198563218881
53.776345381526106,0.0,-102.41448879707718,-0.010241448879707718
53.97710843373494,0.0,-104.72129281796285,-0.010472129281796284
54.177871485943776,0.0,-107.0403954826018,-0.010704039548260179
54.37863453815261,0.0,-109.36982297623221,-0.01093698229762322
54.579397590361445,0.0,-111.70763157602237,-0.011170763157602237
54.78016064257029,0.0,-114.05190926282232,-0.011405190926282232
54.98092369477912,0.0,-116.400777249119,-0.0116400777249119
55.18168674698796,0.0,-118.75239142223161,-0.011875239142223161
55.38244979919679,0.0,-121.10494370184946,-0.012110494370184946
55.58321285140563,0.0,-123.45666331163213,-0.012345666331163213
55.78397590361446,0.0,-125.80581796427514,-0.012580581796427513
55.984738955823296,0.0,-128.15071496012587,-0.012815071496012588
56.18550200803213,0.0,-130.48970219935413,-0.013048970219935414
56.386265060240966,0.0,-132.82116910800826,-0.013282116910800827
56.5870281124498,0.0,-135.14354747840932,-0.01351435474784093
56.787791164658636,0.0,-137.45531222464965,-0.013745531222464965
56.98855421686747,0.0,-139.7549820540166,-0.01397549820540166
57.189317269076305,0.0,-142.04112005539014,-0.014204112005539015
57.39008032128515,0.0,-144.3123342058316,-0.01443123342058316
57.59084337349398,0.0,-146.56727779683027,-0.014656727779683028
57.79160642570282,0.0,-148.8046497815891,-0.01488046497815891
57.99236947791165,0.0,-151.0231950451741,-0.01510231950451741
58.19313253012049,0.0,-153.22170459926568,-0.015322170459926569
58.39389558232932,0.0,-155.3990157034778,-0.015539901570347781
58.594658634538156,0.0,-157.55401191524905,-0.015755401191524906
58.79542168674699,0.0,-159.68562307053816,-0.015968562307053815
58.996184738955826,0.0,-161.79282519753556,-0.016179282519753556
59.19694779116466,0.0,-163.87464036569796,-0.016387464036569797
59.397710843373495,0.0,-165.93013647257206,-0.016593013647257206
59.59847389558233,0.0,-167.95842697084603,-0.016795842697084604
59.799236947791165,0.0,-169.95867053816775,-0.016995867053816775
60.0,0.0,-171.93007069233371,-0.017193007069233372
